{"data":[{"id":7065956,"ast":4,"blk":0,"dreb":7,"fg3_pct":16.7,"fg3a":6,"fg3m":1,"fg_pct":36.4,"fga":11,"fgm":4,"ft_pct":60.0,"fta":5,"ftm":3,"game":{"id":455103,"date":"2021-08-10T00:00:00.000Z","home_team_id":11,"home_team_score":111,"period":0,"postseason":false,"season":2021,"status":"Final","time":"","visitor_team_id":9,"visitor_team_score":91},"min":"30:19","oreb":0,"pf":3,"player":{"id":3547256,"first_name":"Saddiq","height_feet":null,"height_inches":null,"last_name":"Bey","position":"F","team_id":1,"weight_pounds":null},"pts":12,"reb":7,"stl":0,"team":{"id":9,"abbreviation":"DET","city":"Detroit","conference":"East","division":"Central","full_name":"Detroit Pistons","name":"Pistons"},"turnover":3},{"id":7065957,"ast":1,"blk":0,"dreb":3,"fg3_pct":0.0,"fg3a":0,"fg3m":0,"fg_pct":75.0,"fga":4,"fgm":3,"ft_pct":100.0,"fta":4,"ftm":4,"game":{"id":455103,"date":"2021-08-10T00:00:00.000Z","home_team_id":11,"home_team_score":111,"period":0,"postseason":false,"season":2021,"status":"Final","time":"","visitor_team_id":9,"visitor_team_score":91},"min":"13:48","oreb":3,"pf":1,"player":{"id":666517,"first_name":"Tyler","height_feet":null,"height_inches":null,"last_name":"Cook","position":"C","team_id":5,"weight_pounds":null},"pts":10,"reb":6,"stl":0,"team":{"id":9,"abbreviation":"DET","city":"Detroit","conference":"East","division":"Central","full_name":"Detroit Pistons","name":"Pistons"},"turnover":1},{"id":7065958,"ast":2,"blk":1,"dreb":3,"fg3_pct":0.0,"fg3a":3,"fg3m":0,"fg_pct":37.5,"fga":8,"fgm":3,"ft_pct":50.0,"fta":2,"ftm":1,"game":{"id":455103,"date":"2021-08-10T00:00:00.000Z","home_team_id":11,"home_team_score":111,"period":0,"postseason":false,"season":2021,"status":"Final","time":"","visitor_team_id":9,"visitor_team_score":91},"min":"24:28","oreb":2,"pf":4,"player":{"id":666543,"first_name":"Sekou","height_feet":null,"height_inches":null,"last_name":"Doumbouya","position":"F","team_id":14,"weight_pounds":null},"pts":7,"reb":5,"stl":1,"team":{"id":9,"abbreviation":"DET","city":"Detroit","conference":"East","division":"Central","full_name":"Detroit Pistons","name":"Pistons"},"turnover":1},{"id":7065959,"ast":2,"blk":1,"dreb":4,"fg3_pct":44.4,"fg3a":9,"fg3m":4,"fg_pct":44.4,"fga":18,"fgm":8,"ft_pct":0.0,"fta":0,"ftm":0,"game":{"id":455103,"date":"2021-08-10T00:00:00.000Z","home_team_id":11,"home_team_score":111,"period":0,"postseason":false,"season":2021,"status":"Final","time":"","visitor_team_id":9,"visitor_team_score":91},"min":"29:07","oreb":0,"pf":7,"player":{"id":17896075,"first_name":"Cade","height_feet":null,"height_inches":null,"last_name":"Cunningham","position":"G-F","team_id":9,"weight_pounds":null},"pts":20,"reb":4,"stl":3,"team":{"id":9,"abbreviation":"DET","city":"Detroit","conference":"East","division":"Central","full_name":"Detroit Pistons","name":"Pistons"},"turnover":4},{"id":7065960,"ast":3,"blk":2,"dreb":1,"fg3_pct":0.0,"fg3a":4,"fg3m":0,"fg_pct":37.5,"fga":8,"fgm":3,"ft_pct":0.0,"fta":0,"ftm":0,"game":{"id":455103,"date":"2021-08-10T00:00:00.000Z","home_team_id":11,"home_team_score":111,"period":0,"postseason":false,"season":2021,"status":"Final","time":"","visitor_team_id":9,"visitor_team_score":91},"min":"28:21","oreb":1,"pf":5,"player":{"id":3547241,"first_name":"Killian","height_feet":null,"height_inches":null,"last_name":"Hayes","position":"G","team_id":9,"weight_pounds":null},"pts":6,"reb":2,"stl":0,"team":{"id":9,"abbreviation":"DET","city":"Detroit","conference":"East","division":"Central","full_name":"Detroit Pistons","name":"Pistons"},"turnover":2},{"id":7065964,"ast":1,"blk":0,"dreb":3,"fg3_pct":50.0,"fg3a":2,"fg3m":1,"fg_pct":57.1,"fga":7,"fgm":4,"ft_pct":50.0,"fta":8,"ftm":4,"game":{"id":455103,"date":"2021-08-10T00:00:00.000Z","home_team_id":11,"home_team_score":111,"period":0,"postseason":false,"season":2021,"status":"Final","time":"","visitor_team_id":9,"visitor_team_score":91},"min":"23:58","oreb":0,"pf":5,"player":{"id":3547298,"first_name":"Saben","height_feet":null,"height_inches":null,"last_name":"Lee","position":"G","team_id":24,"weight_pounds":null},"pts":13,"reb":3,"stl":2,"team":{"id":9,"abbreviation":"DET","city":"Detroit","conference":"East","division":"Central","full_name":"Detroit Pistons","name":"Pistons"},"turnover":1},{"id":7065961,"ast":0,"blk":0,"dreb":0,"fg3_pct":0.0,"fg3a":0,"fg3m":0,"fg_pct":0.0,"fga":0,"fgm":0,"ft_pct":0.0,"fta":0,"ftm":0,"game":{"id":455103,"date":"2021-08-10T00:00:00.000Z","home_team_id":11,"home_team_score":111,"period":0,"postseason":false,"season":2021,"status":"Final","time":"","visitor_team_id":9,"visitor_team_score":91},"min":"1:20","oreb":0,"pf":0,"player":{"id":17895733,"first_name":"Blake","height_feet":null,"height_inches":null,"last_name":"Francis","position":"G","team_id":9,"weight_pounds":null},"pts":0,"reb":0,"stl":0,"team":{"id":9,"abbreviation":"DET","city":"Detroit","conference":"East","division":"Central","full_name":"Detroit Pistons","name":"Pistons"},"turnover":0},{"id":7065963,"ast":0,"blk":0,"dreb":0,"fg3_pct":0.0,"fg3a":0,"fg3m":0,"fg_pct":0.0,"fga":0,"fgm":0,"ft_pct":0.0,"fta":0,"ftm":0,"game":{"id":455103,"date":"2021-08-10T00:00:00.000Z","home_team_id":11,"home_team_score":111,"period":0,"postseason":false,"season":2021,"status":"Final","time":"","visitor_team_id":9,"visitor_team_score":91},"min":"0:00","oreb":0,"pf":0,"player":{"id":2107,"first_name":"Grant","height_feet":null,"height_inches":null,"last_name":"Jerrett","position":"","team_id":9,"weight_pounds":null},"pts":0,"reb":0,"stl":0,"team":{"id":9,"abbreviation":"DET","city":"Detroit","conference":"East","division":"Central","full_name":"Detroit Pistons","name":"Pistons"},"turnover":0},{"id":7065966,"ast":0,"blk":0,"dreb":0,"fg3_pct":0.0,"fg3a":0,"fg3m":0,"fg_pct":0.0,"fga":0,"fgm":0,"ft_pct":0.0,"fta":0,"ftm":0,"game":{"id":455103,"date":"2021-08-10T00:00:00.000Z","home_team_id":11,"home_team_score":111,"period":0,"postseason":false,"season":2021,"status":"Final","time":"","visitor_team_id":9,"visitor_team_score":91},"min":"0:00","oreb":0,"pf":0,"player":{"id":17896071,"first_name":"Isaiah","height_feet":null,"height_inches":null,"last_name":"Livers","position":"F","team_id":9,"weight_pounds":null},"pts":0,"reb":0,"stl":0,"team":{"id":9,"abbreviation":"DET","city":"Detroit","conference":"East","division":"Central","full_name":"Detroit Pistons","name":"Pistons"},"turnover":0},{"id":7065967,"ast":0,"blk":0,"dreb":0,"fg3_pct":0.0,"fg3a":0,"fg3m":0,"fg_pct":0.0,"fga":0,"fgm":0,"ft_pct":0.0,"fta":0,"ftm":0,"game":{"id":455103,"date":"2021-08-10T00:00:00.000Z","home_team_id":11,"home_team_score":111,"period":0,"postseason":false,"season":2021,"status":"Final","time":"","visitor_team_id":9,"visitor_team_score":91},"min":"0:00","oreb":0,"pf":0,"player":{"id":17896054,"first_name":"John","height_feet":null,"height_inches":null,"last_name":"Petty Jr.","position":"G-F","team_id":9,"weight_pounds":null},"pts":0,"reb":0,"stl":0,"team":{"id":9,"abbreviation":"DET","city":"Detroit","conference":"East","division":"Central","full_name":"Detroit Pistons","name":"Pistons"},"turnover":0},{"id":7066424,"ast":0,"blk":0,"dreb":0,"fg3_pct":0.0,"fg3a":0,"fg3m":0,"fg_pct":100.0,"fga":1,"fgm":1,"ft_pct":0.0,"fta":0,"ftm":0,"game":{"id":455103,"date":"2021-08-10T00:00:00.000Z","home_team_id":11,"home_team_score":111,"period":0,"postseason":false,"season":2021,"status":"Final","time":"","visitor_team_id":9,"visitor_team_score":91},"min":"4:17","oreb":1,"pf":2,"player":{"id":18036823,"first_name":"Balsa","height_feet":null,"height_inches":null,"last_name":"Koprivica","position":"","team_id":9,"weight_pounds":null},"pts":2,"reb":1,"stl":0,"team":{"id":9,"abbreviation":"DET","city":"Detroit","conference":"East","division":"Central","full_name":"Detroit Pistons","name":"Pistons"},"turnover":2},{"id":7065972,"ast":0,"blk":0,"dreb":0,"fg3_pct":0.0,"fg3a":0,"fg3m":0,"fg_pct":0.0,"fga":0,"fgm":0,"ft_pct":50.0,"fta":2,"ftm":1,"game":{"id":455103,"date":"2021-08-10T00:00:00.000Z","home_team_id":11,"home_team_score":111,"period":0,"postseason":false,"season":2021,"status":"Final","time":"","visitor_team_id":9,"visitor_team_score":91},"min":"1:20","oreb":0,"pf":0,"player":{"id":17895736,"first_name":"Anthony","height_feet":null,"height_inches":null,"last_name":"Tarke","position":"F","team_id":9,"weight_pounds":null},"pts":1,"reb":0,"stl":0,"team":{"id":9,"abbreviation":"DET","city":"Detroit","conference":"East","division":"Central","full_name":"Detroit Pistons","name":"Pistons"},"turnover":0},{"id":7065970,"ast":0,"blk":0,"dreb":0,"fg3_pct":0.0,"fg3a":0,"fg3m":0,"fg_pct":0.0,"fga":0,"fgm":0,"ft_pct":0.0,"fta":0,"ftm":0,"game":{"id":455103,"date":"2021-08-10T00:00:00.000Z","home_team_id":11,"home_team_score":111,"period":0,"postseason":false,"season":2021,"status":"Final","time":"","visitor_team_id":9,"visitor_team_score":91},"min":"0:00","oreb":0,"pf":0,"player":{"id":17896085,"first_name":"Chris","height_feet":null,"height_inches":null,"last_name":"Smith","position":"F","team_id":9,"weight_pounds":null},"pts":0,"reb":0,"stl":0,"team":{"id":9,"abbreviation":"DET","city":"Detroit","conference":"East","division":"Central","full_name":"Detroit Pistons","name":"Pistons"},"turnover":0},{"id":7065971,"ast":0,"blk":0,"dreb":0,"fg3_pct":0.0,"fg3a":0,"fg3m":0,"fg_pct":0.0,"fga":0,"fgm":0,"ft_pct":0.0,"fta":0,"ftm":0,"game":{"id":455103,"date":"2021-08-10T00:00:00.000Z","home_team_id":11,"home_team_score":111,"period":0,"postseason":false,"season":2021,"status":"Final","time":"","visitor_team_id":9,"visitor_team_score":91},"min":"0:00","oreb":0,"pf":0,"player":{"id":3547267,"first_name":"Isaiah","height_feet":null,"height_inches":null,"last_name":"Stewart","position":"F-C","team_id":9,"weight_pounds":null},"pts":0,"reb":0,"stl":0,"team":{"id":9,"abbreviation":"DET","city":"Detroit","conference":"East","division":"Central","full_name":"Detroit Pistons","name":"Pistons"},"turnover":0},{"id":7065973,"ast":7,"blk":0,"dreb":2,"fg3_pct":25.0,"fg3a":4,"fg3m":1,"fg_pct":50.0,"fga":12,"fgm":6,"ft_pct":50.0,"fta":4,"ftm":2,"game":{"id":455103,"date":"2021-08-10T00:00:00.000Z","home_team_id":11,"home_team_score":111,"period":0,"postseason":false,"season":2021,"status":"Final","time":"","visitor_team_id":9,"visitor_team_score":91},"min":"26:37","oreb":1,"pf":2,"player":{"id":17896023,"first_name":"Josh","height_feet":null,"height_inches":null,"last_name":"Christopher","position":"G","team_id":11,"weight_pounds":null},"pts":15,"reb":3,"stl":1,"team":{"id":11,"abbreviation":"HOU","city":"Houston","conference":"West","division":"Southwest","full_name":"Houston Rockets","name":"Rockets"},"turnover":1},{"id":7065974,"ast":4,"blk":2,"dreb":4,"fg3_pct":50.0,"fg3a":4,"fg3m":2,"fg_pct":50.0,"fga":12,"fgm":6,"ft_pct":100.0,"fta":2,"ftm":2,"game":{"id":455103,"date":"2021-08-10T00:00:00.000Z","home_team_id":11,"home_team_score":111,"period":0,"postseason":false,"season":2021,"status":"Final","time":"","visitor_team_id":9,"visitor_team_score":91},"min":"29:27","oreb":2,"pf":2,"player":{"id":3547294,"first_name":"Kenyon","height_feet":null,"height_inches":null,"last_name":"Martin Jr.","position":"F","team_id":11,"weight_pounds":null},"pts":16,"reb":6,"stl":3,"team":{"id":11,"abbreviation":"HOU","city":"Houston","conference":"West","division":"Southwest","full_name":"Houston Rockets","name":"Rockets"},"turnover":3},{"id":7065975,"ast":3,"blk":4,"dreb":8,"fg3_pct":50.0,"fg3a":2,"fg3m":1,"fg_pct":57.1,"fga":14,"fgm":8,"ft_pct":66.7,"fta":6,"ftm":4,"game":{"id":455103,"date":"2021-08-10T00:00:00.000Z","home_team_id":11,"home_team_score":111,"period":0,"postseason":false,"season":2021,"status":"Final","time":"","visitor_team_id":9,"visitor_team_score":91},"min":"24:49","oreb":0,"pf":2,"player":{"id":17896062,"first_name":"Alperen","height_feet":null,"height_inches":null,"last_name":"Sengun","position":"F-C","team_id":11,"weight_pounds":null},"pts":21,"reb":8,"stl":1,"team":{"id":11,"abbreviation":"HOU","city":"Houston","conference":"West","division":"Southwest","full_name":"Houston Rockets","name":"Rockets"},"turnover":0},{"id":7065976,"ast":3,"blk":0,"dreb":4,"fg3_pct":60.0,"fg3a":5,"fg3m":3,"fg_pct":54.5,"fga":11,"fgm":6,"ft_pct":90.9,"fta":11,"ftm":10,"game":{"id":455103,"date":"2021-08-10T00:00:00.000Z","home_team_id":11,"home_team_score":111,"period":0,"postseason":false,"season":2021,"status":"Final","time":"","visitor_team_id":9,"visitor_team_score":91},"min":"29:54","oreb":1,"pf":4,"player":{"id":17895966,"first_name":"Jalen","height_feet":null,"height_inches":null,"last_name":"Green","position":"G","team_id":11,"weight_pounds":null},"pts":25,"reb":5,"stl":1,"team":{"id":11,"abbreviation":"HOU","city":"Houston","conference":"West","division":"Southwest","full_name":"Houston Rockets","name":"Rockets"},"turnover":4},{"id":7065978,"ast":0,"blk":1,"dreb":2,"fg3_pct":0.0,"fg3a":2,"fg3m":0,"fg_pct":33.3,"fga":3,"fgm":1,"ft_pct":0.0,"fta":0,"ftm":0,"game":{"id":455103,"date":"2021-08-10T00:00:00.000Z","home_team_id":11,"home_team_score":111,"period":0,"postseason":false,"season":2021,"status":"Final","time":"","visitor_team_id":9,"visitor_team_score":91},"min":"14:59","oreb":0,"pf":0,"player":{"id":11,"first_name":"Justin","height_feet":6,"height_inches":6,"last_name":"Anderson","position":"G-F","team_id":12,"weight_pounds":230},"pts":2,"reb":2,"stl":0,"team":{"id":11,"abbreviation":"HOU","city":"Houston","conference":"West","division":"Southwest","full_name":"Houston Rockets","name":"Rockets"},"turnover":1},{"id":7065982,"ast":0,"blk":0,"dreb":1,"fg3_pct":50.0,"fg3a":2,"fg3m":1,"fg_pct":66.7,"fga":3,"fgm":2,"ft_pct":0.0,"fta":0,"ftm":0,"game":{"id":455103,"date":"2021-08-10T00:00:00.000Z","home_team_id":11,"home_team_score":111,"period":0,"postseason":false,"season":2021,"status":"Final","time":"","visitor_team_id":9,"visitor_team_score":91},"min":"6:32","oreb":1,"pf":0,"player":{"id":17896050,"first_name":"Matt","height_feet":null,"height_inches":null,"last_name":"Hurt","position":"F","team_id":11,"weight_pounds":null},"pts":5,"reb":2,"stl":0,"team":{"id":11,"abbreviation":"HOU","city":"Houston","conference":"West","division":"Southwest","full_name":"Houston Rockets","name":"Rockets"},"turnover":0},{"id":7065984,"ast":0,"blk":0,"dreb":0,"fg3_pct":0.0,"fg3a":0,"fg3m":0,"fg_pct":100.0,"fga":1,"fgm":1,"ft_pct":0.0,"fta":0,"ftm":0,"game":{"id":455103,"date":"2021-08-10T00:00:00.000Z","home_team_id":11,"home_team_score":111,"period":0,"postseason":false,"season":2021,"status":"Final","time":"","visitor_team_id":9,"visitor_team_score":91},"min":"1:49","oreb":0,"pf":1,"player":{"id":17895906,"first_name":"Trey","height_feet":null,"height_inches":null,"last_name":"Phills","position":"G","team_id":11,"weight_pounds":null},"pts":2,"reb":0,"stl":0,"team":{"id":11,"abbreviation":"HOU","city":"Houston","conference":"West","division":"Southwest","full_name":"Houston Rockets","name":"Rockets"},"turnover":1},{"id":7065985,"ast":1,"blk":0,"dreb":1,"fg3_pct":0.0,"fg3a":0,"fg3m":0,"fg_pct":0.0,"fga":0,"fgm":0,"ft_pct":0.0,"fta":0,"ftm":0,"game":{"id":455103,"date":"2021-08-10T00:00:00.000Z","home_team_id":11,"home_team_score":111,"period":0,"postseason":false,"season":2021,"status":"Final","time":"","visitor_team_id":9,"visitor_team_score":91},"min":"1:49","oreb":0,"pf":0,"player":{"id":17895748,"first_name":"Jalen","height_feet":null,"height_inches":null,"last_name":"Tate","position":"G","team_id":11,"weight_pounds":null},"pts":0,"reb":1,"stl":0,"team":{"id":11,"abbreviation":"HOU","city":"Houston","conference":"West","division":"Southwest","full_name":"Houston Rockets","name":"Rockets"},"turnover":1},{"id":7065979,"ast":0,"blk":0,"dreb":0,"fg3_pct":0.0,"fg3a":0,"fg3m":0,"fg_pct":0.0,"fga":0,"fgm":0,"ft_pct":0.0,"fta":0,"ftm":0,"game":{"id":455103,"date":"2021-08-10T00:00:00.000Z","home_team_id":11,"home_team_score":111,"period":0,"postseason":false,"season":2021,"status":"Final","time":"","visitor_team_id":9,"visitor_team_score":91},"min":"0:00","oreb":0,"pf":0,"player":{"id":9051997,"first_name":"Armoni","height_feet":null,"height_inches":null,"last_name":"Brooks","position":"G","team_id":28,"weight_pounds":null},"pts":0,"reb":0,"stl":0,"team":{"id":11,"abbreviation":"HOU","city":"Houston","conference":"West","division":"Southwest","full_name":"Houston Rockets","name":"Rockets"},"turnover":0},{"id":7065981,"ast":0,"blk":0,"dreb":0,"fg3_pct":0.0,"fg3a":0,"fg3m":0,"fg_pct":0.0,"fga":0,"fgm":0,"ft_pct":0.0,"fta":0,"ftm":0,"game":{"id":455103,"date":"2021-08-10T00:00:00.000Z","home_team_id":11,"home_team_score":111,"period":0,"postseason":false,"season":2021,"status":"Final","time":"","visitor_team_id":9,"visitor_team_score":91},"min":"0:00","oreb":0,"pf":0,"player":{"id":17896070,"first_name":"Usman","height_feet":null,"height_inches":null,"last_name":"Garuba","position":"F","team_id":11,"weight_pounds":null},"pts":0,"reb":0,"stl":0,"team":{"id":11,"abbreviation":"HOU","city":"Houston","conference":"West","division":"Southwest","full_name":"Houston Rockets","name":"Rockets"},"turnover":0},{"id":7065962,"ast":1,"blk":0,"dreb":1,"fg3_pct":50.0,"fg3a":2,"fg3m":1,"fg_pct":83.3,"fga":6,"fgm":5,"ft_pct":100.0,"fta":4,"ftm":4,"game":{"id":455103,"date":"2021-08-10T00:00:00.000Z","home_team_id":11,"home_team_score":111,"period":0,"postseason":false,"season":2021,"status":"Final","time":"","visitor_team_id":9,"visitor_team_score":91},"min":"16:10","oreb":2,"pf":3,"player":{"id":17896056,"first_name":"Luka","height_feet":null,"height_inches":null,"last_name":"Garza","position":"C","team_id":18,"weight_pounds":null},"pts":15,"reb":3,"stl":0,"team":{"id":9,"abbreviation":"DET","city":"Detroit","conference":"East","division":"Central","full_name":"Detroit Pistons","name":"Pistons"},"turnover":0},{"id":7065969,"ast":0,"blk":0,"dreb":2,"fg3_pct":0.0,"fg3a":5,"fg3m":0,"fg_pct":16.7,"fga":6,"fgm":1,"ft_pct":100.0,"fta":1,"ftm":1,"game":{"id":455103,"date":"2021-08-10T00:00:00.000Z","home_team_id":11,"home_team_score":111,"period":0,"postseason":false,"season":2021,"status":"Final","time":"","visitor_team_id":9,"visitor_team_score":91},"min":"13:15","oreb":0,"pf":1,"player":{"id":666899,"first_name":"Deividas","height_feet":null,"height_inches":null,"last_name":"Sirvydis","position":"G","team_id":9,"weight_pounds":null},"pts":3,"reb":2,"stl":1,"team":{"id":9,"abbreviation":"DET","city":"Detroit","conference":"East","division":"Central","full_name":"Detroit Pistons","name":"Pistons"},"turnover":2},{"id":7065968,"ast":0,"blk":0,"dreb":1,"fg3_pct":0.0,"fg3a":1,"fg3m":0,"fg_pct":33.3,"fga":3,"fgm":1,"ft_pct":0.0,"fta":0,"ftm":0,"game":{"id":455103,"date":"2021-08-10T00:00:00.000Z","home_team_id":11,"home_team_score":111,"period":0,"postseason":false,"season":2021,"status":"Final","time":"","visitor_team_id":9,"visitor_team_score":91},"min":"7:05","oreb":1,"pf":0,"player":{"id":17895735,"first_name":"Jamorko","height_feet":null,"height_inches":null,"last_name":"Pickett","position":"F","team_id":9,"weight_pounds":null},"pts":2,"reb":2,"stl":0,"team":{"id":9,"abbreviation":"DET","city":"Detroit","conference":"East","division":"Central","full_name":"Detroit Pistons","name":"Pistons"},"turnover":0},{"id":7065965,"ast":0,"blk":0,"dreb":0,"fg3_pct":0.0,"fg3a":3,"fg3m":0,"fg_pct":0.0,"fga":3,"fgm":0,"ft_pct":0.0,"fta":0,"ftm":0,"game":{"id":455103,"date":"2021-08-10T00:00:00.000Z","home_team_id":11,"home_team_score":111,"period":0,"postseason":false,"season":2021,"status":"Final","time":"","visitor_team_id":9,"visitor_team_score":91},"min":"6:32","oreb":0,"pf":0,"player":{"id":17895734,"first_name":"Spencer","height_feet":null,"height_inches":null,"last_name":"Littleson","position":"G","team_id":9,"weight_pounds":null},"pts":0,"reb":0,"stl":1,"team":{"id":9,"abbreviation":"DET","city":"Detroit","conference":"East","division":"Central","full_name":"Detroit Pistons","name":"Pistons"},"turnover":0},{"id":7065977,"ast":4,"blk":0,"dreb":2,"fg3_pct":60.0,"fg3a":5,"fg3m":3,"fg_pct":37.5,"fga":8,"fgm":3,"ft_pct":50.0,"fta":2,"ftm":1,"game":{"id":455103,"date":"2021-08-10T00:00:00.000Z","home_team_id":11,"home_team_score":111,"period":0,"postseason":false,"season":2021,"status":"Final","time":"","visitor_team_id":9,"visitor_team_score":91},"min":"24:56","oreb":1,"pf":2,"player":{"id":441,"first_name":"Khyri","height_feet":6,"height_inches":3,"last_name":"Thomas","position":"G","team_id":11,"weight_pounds":210},"pts":10,"reb":3,"stl":0,"team":{"id":11,"abbreviation":"HOU","city":"Houston","conference":"West","division":"Southwest","full_name":"Houston Rockets","name":"Rockets"},"turnover":3},{"id":7065983,"ast":2,"blk":0,"dreb":5,"fg3_pct":60.0,"fg3a":5,"fg3m":3,"fg_pct":60.0,"fga":5,"fgm":3,"ft_pct":0.0,"fta":0,"ftm":0,"game":{"id":455103,"date":"2021-08-10T00:00:00.000Z","home_team_id":11,"home_team_score":111,"period":0,"postseason":false,"season":2021,"status":"Final","time":"","visitor_team_id":9,"visitor_team_score":91},"min":"23:38","oreb":3,"pf":3,"player":{"id":7155648,"first_name":"Anthony","height_feet":null,"height_inches":null,"last_name":"Lamb","position":"F","team_id":10,"weight_pounds":null},"pts":9,"reb":8,"stl":2,"team":{"id":11,"abbreviation":"HOU","city":"Houston","conference":"West","division":"Southwest","full_name":"Houston Rockets","name":"Rockets"},"turnover":2},{"id":7065980,"ast":3,"blk":0,"dreb":2,"fg3_pct":0.0,"fg3a":3,"fg3m":0,"fg_pct":42.9,"fga":7,"fgm":3,"ft_pct":0.0,"fta":0,"ftm":0,"game":{"id":455103,"date":"2021-08-10T00:00:00.000Z","home_team_id":11,"home_team_score":111,"period":0,"postseason":false,"season":2021,"status":"Final","time":"","visitor_team_id":9,"visitor_team_score":91},"min":"15:30","oreb":0,"pf":4,"player":{"id":17895747,"first_name":"Marcus","height_feet":null,"height_inches":null,"last_name":"Foster","position":"G","team_id":11,"weight_pounds":null},"pts":6,"reb":2,"stl":1,"team":{"id":11,"abbreviation":"HOU","city":"Houston","conference":"West","division":"Southwest","full_name":"Houston Rockets","name":"Rockets"},"turnover":0},{"id":6990127,"ast":1,"blk":1,"dreb":7,"fg3_pct":0.0,"fg3a":4,"fg3m":0,"fg_pct":33.3,"fga":9,"fgm":3,"ft_pct":100.0,"fta":2,"ftm":2,"game":{"id":450930,"date":"2021-08-06T00:00:00.000Z","home_team_id":15,"home_team_score":82,"period":4,"postseason":false,"season":2021,"status":"Final","time":"","visitor_team_id":27,"visitor_team_score":77},"min":"29:37","oreb":1,"pf":3,"player":{"id":666675,"first_name":"DaQuan","height_feet":null,"height_inches":null,"last_name":"Jeffries","position":"F","team_id":20,"weight_pounds":null},"pts":8,"reb":8,"stl":4,"team":{"id":27,"abbreviation":"SAS","city":"San Antonio","conference":"West","division":"Southwest","full_name":"San Antonio Spurs","name":"Spurs"},"turnover":2},{"id":6990136,"ast":2,"blk":1,"dreb":5,"fg3_pct":10.0,"fg3a":10,"fg3m":1,"fg_pct":36.7,"fga":30,"fgm":11,"ft_pct":100.0,"fta":4,"ftm":4,"game":{"id":450930,"date":"2021-08-06T00:00:00.000Z","home_team_id":15,"home_team_score":82,"period":4,"postseason":false,"season":2021,"status":"Final","time":"","visitor_team_id":27,"visitor_team_score":77},"min":"30:12","oreb":3,"pf":2,"player":{"id":3547246,"first_name":"Devin","height_feet":null,"height_inches":null,"last_name":"Vassell","position":"G-F","team_id":27,"weight_pounds":null},"pts":27,"reb":8,"stl":0,"team":{"id":27,"abbreviation":"SAS","city":"San Antonio","conference":"West","division":"Southwest","full_name":"San Antonio Spurs","name":"Spurs"},"turnover":3},{"id":6990120,"ast":0,"blk":1,"dreb":2,"fg3_pct":0.0,"fg3a":0,"fg3m":0,"fg_pct":50.0,"fga":2,"fgm":1,"ft_pct":75.0,"fta":4,"ftm":3,"game":{"id":450930,"date":"2021-08-06T00:00:00.000Z","home_team_id":15,"home_team_score":82,"period":4,"postseason":false,"season":2021,"status":"Final","time":"","visitor_team_id":27,"visitor_team_score":77},"min":"22:11","oreb":0,"pf":3,"player":{"id":266,"first_name":"Skal","height_feet":6,"height_inches":11,"last_name":"Labissiere","position":"F","team_id":27,"weight_pounds":235},"pts":5,"reb":2,"stl":0,"team":{"id":27,"abbreviation":"SAS","city":"San Antonio","conference":"West","division":"Southwest","full_name":"San Antonio Spurs","name":"Spurs"},"turnover":0},{"id":6990121,"ast":1,"blk":0,"dreb":9,"fg3_pct":0.0,"fg3a":4,"fg3m":0,"fg_pct":42.9,"fga":7,"fgm":3,"ft_pct":100.0,"fta":1,"ftm":1,"game":{"id":450930,"date":"2021-08-06T00:00:00.000Z","home_team_id":15,"home_team_score":82,"period":4,"postseason":false,"season":2021,"status":"Final","time":"","visitor_team_id":27,"visitor_team_score":77},"min":"21:56","oreb":1,"pf":0,"player":{"id":17896064,"first_name":"Joe","height_feet":null,"height_inches":null,"last_name":"Wieskamp","position":"G-F","team_id":28,"weight_pounds":null},"pts":7,"reb":10,"stl":0,"team":{"id":27,"abbreviation":"SAS","city":"San Antonio","conference":"West","division":"Southwest","full_name":"San Antonio Spurs","name":"Spurs"},"turnover":1},{"id":6990123,"ast":3,"blk":2,"dreb":1,"fg3_pct":25.0,"fg3a":8,"fg3m":2,"fg_pct":41.2,"fga":17,"fgm":7,"ft_pct":50.0,"fta":2,"ftm":1,"game":{"id":450930,"date":"2021-08-06T00:00:00.000Z","home_team_id":15,"home_team_score":82,"period":4,"postseason":false,"season":2021,"status":"Final","time":"","visitor_team_id":27,"visitor_team_score":77},"min":"30:55","oreb":0,"pf":3,"player":{"id":17896051,"first_name":"Joshua","height_feet":null,"height_inches":null,"last_name":"Primo","position":"G","team_id":27,"weight_pounds":null},"pts":17,"reb":1,"stl":0,"team":{"id":27,"abbreviation":"SAS","city":"San Antonio","conference":"West","division":"Southwest","full_name":"San Antonio Spurs","name":"Spurs"},"turnover":3},{"id":6990132,"ast":3,"blk":1,"dreb":4,"fg3_pct":50.0,"fg3a":2,"fg3m":1,"fg_pct":66.7,"fga":6,"fgm":4,"ft_pct":0.0,"fta":0,"ftm":0,"game":{"id":450930,"date":"2021-08-06T00:00:00.000Z","home_team_id":15,"home_team_score":82,"period":4,"postseason":false,"season":2021,"status":"Final","time":"","visitor_team_id":27,"visitor_team_score":77},"min":"21:26","oreb":1,"pf":1,"player":{"id":327,"first_name":"Jaylen","height_feet":6,"height_inches":5,"last_name":"Morris","position":"G","team_id":27,"weight_pounds":185},"pts":9,"reb":5,"stl":0,"team":{"id":27,"abbreviation":"SAS","city":"San Antonio","conference":"West","division":"Southwest","full_name":"San Antonio Spurs","name":"Spurs"},"turnover":2},{"id":6990126,"ast":0,"blk":2,"dreb":2,"fg3_pct":0.0,"fg3a":0,"fg3m":0,"fg_pct":0.0,"fga":0,"fgm":0,"ft_pct":100.0,"fta":2,"ftm":2,"game":{"id":450930,"date":"2021-08-06T00:00:00.000Z","home_team_id":15,"home_team_score":82,"period":4,"postseason":false,"season":2021,"status":"Final","time":"","visitor_team_id":27,"visitor_team_score":77},"min":"11:30","oreb":1,"pf":1,"player":{"id":17895694,"first_name":"Biram","height_feet":null,"height_inches":null,"last_name":"Faye","position":"C","team_id":27,"weight_pounds":null},"pts":2,"reb":3,"stl":2,"team":{"id":27,"abbreviation":"SAS","city":"San Antonio","conference":"West","division":"Southwest","full_name":"San Antonio Spurs","name":"Spurs"},"turnover":1},{"id":6990128,"ast":1,"blk":1,"dreb":6,"fg3_pct":0.0,"fg3a":0,"fg3m":0,"fg_pct":0.0,"fga":2,"fgm":0,"ft_pct":0.0,"fta":0,"ftm":0,"game":{"id":450930,"date":"2021-08-06T00:00:00.000Z","home_team_id":15,"home_team_score":82,"period":4,"postseason":false,"season":2021,"status":"Final","time":"","visitor_team_id":27,"visitor_team_score":77},"min":"16:27","oreb":1,"pf":2,"player":{"id":17895913,"first_name":"Kaleb","height_feet":null,"height_inches":null,"last_name":"Johnson","position":"G","team_id":27,"weight_pounds":null},"pts":0,"reb":7,"stl":0,"team":{"id":27,"abbreviation":"SAS","city":"San Antonio","conference":"West","division":"Southwest","full_name":"San Antonio Spurs","name":"Spurs"},"turnover":0},{"id":6990125,"ast":0,"blk":0,"dreb":0,"fg3_pct":0.0,"fg3a":0,"fg3m":0,"fg_pct":0.0,"fga":0,"fgm":0,"ft_pct":0.0,"fta":0,"ftm":0,"game":{"id":450930,"date":"2021-08-06T00:00:00.000Z","home_team_id":15,"home_team_score":82,"period":4,"postseason":false,"season":2021,"status":"Final","time":"","visitor_team_id":27,"visitor_team_score":77},"min":"0:00","oreb":0,"pf":0,"player":{"id":17895695,"first_name":"Eric","height_feet":null,"height_inches":null,"last_name":"Demers","position":"G","team_id":27,"weight_pounds":null},"pts":0,"reb":0,"stl":0,"team":{"id":27,"abbreviation":"SAS","city":"San Antonio","conference":"West","division":"Southwest","full_name":"San Antonio Spurs","name":"Spurs"},"turnover":0},{"id":6990122,"ast":0,"blk":0,"dreb":0,"fg3_pct":0.0,"fg3a":0,"fg3m":0,"fg_pct":0.0,"fga":0,"fgm":0,"ft_pct":0.0,"fta":0,"ftm":0,"game":{"id":450930,"date":"2021-08-06T00:00:00.000Z","home_team_id":15,"home_team_score":82,"period":4,"postseason":false,"season":2021,"status":"Final","time":"","visitor_team_id":27,"visitor_team_score":77},"min":"0:00","oreb":0,"pf":0,"player":{"id":17895907,"first_name":"Stephen","height_feet":null,"height_inches":null,"last_name":"Domingo","position":"G","team_id":27,"weight_pounds":null},"pts":0,"reb":0,"stl":0,"team":{"id":27,"abbreviation":"SAS","city":"San Antonio","conference":"West","division":"Southwest","full_name":"San Antonio Spurs","name":"Spurs"},"turnover":0},{"id":6990129,"ast":0,"blk":0,"dreb":0,"fg3_pct":0.0,"fg3a":0,"fg3m":0,"fg_pct":0.0,"fga":0,"fgm":0,"ft_pct":0.0,"fta":0,"ftm":0,"game":{"id":450930,"date":"2021-08-06T00:00:00.000Z","home_team_id":15,"home_team_score":82,"period":4,"postseason":false,"season":2021,"status":"Final","time":"","visitor_team_id":27,"visitor_team_score":77},"min":"0:00","oreb":0,"pf":0,"player":{"id":3547274,"first_name":"Tre","height_feet":null,"height_inches":null,"last_name":"Jones","position":"G","team_id":27,"weight_pounds":null},"pts":0,"reb":0,"stl":0,"team":{"id":27,"abbreviation":"SAS","city":"San Antonio","conference":"West","division":"Southwest","full_name":"San Antonio Spurs","name":"Spurs"},"turnover":0},{"id":6990130,"ast":0,"blk":0,"dreb":0,"fg3_pct":0.0,"fg3a":0,"fg3m":0,"fg_pct":0.0,"fga":0,"fgm":0,"ft_pct":0.0,"fta":0,"ftm":0,"game":{"id":450930,"date":"2021-08-06T00:00:00.000Z","home_team_id":15,"home_team_score":82,"period":4,"postseason":false,"season":2021,"status":"Final","time":"","visitor_team_id":27,"visitor_team_score":77},"min":"0:00","oreb":0,"pf":0,"player":null,"pts":0,"reb":0,"stl":0,"team":{"id":27,"abbreviation":"SAS","city":"San Antonio","conference":"West","division":"Southwest","full_name":"San Antonio Spurs","name":"Spurs"},"turnover":0},{"id":6990131,"ast":0,"blk":0,"dreb":0,"fg3_pct":0.0,"fg3a":0,"fg3m":0,"fg_pct":0.0,"fga":0,"fgm":0,"ft_pct":0.0,"fta":0,"ftm":0,"game":{"id":450930,"date":"2021-08-06T00:00:00.000Z","home_team_id":15,"home_team_score":82,"period":4,"postseason":false,"season":2021,"status":"Final","time":"","visitor_team_id":27,"visitor_team_score":77},"min":"0:00","oreb":0,"pf":0,"player":{"id":17896096,"first_name":"Matt","height_feet":null,"height_inches":null,"last_name":"Mitchell","position":"F","team_id":27,"weight_pounds":null},"pts":0,"reb":0,"stl":0,"team":{"id":27,"abbreviation":"SAS","city":"San Antonio","conference":"West","division":"Southwest","full_name":"San Antonio Spurs","name":"Spurs"},"turnover":0},{"id":6990124,"ast":0,"blk":0,"dreb":0,"fg3_pct":0.0,"fg3a":0,"fg3m":0,"fg_pct":0.0,"fga":0,"fgm":0,"ft_pct":0.0,"fta":0,"ftm":0,"game":{"id":450930,"date":"2021-08-06T00:00:00.000Z","home_team_id":15,"home_team_score":82,"period":4,"postseason":false,"season":2021,"status":"Final","time":"","visitor_team_id":27,"visitor_team_score":77},"min":"0:00","oreb":0,"pf":0,"player":{"id":666808,"first_name":"Zach","height_feet":null,"height_inches":null,"last_name":"Norvell Jr.","position":"G","team_id":27,"weight_pounds":null},"pts":0,"reb":0,"stl":0,"team":{"id":27,"abbreviation":"SAS","city":"San Antonio","conference":"West","division":"Southwest","full_name":"San Antonio Spurs","name":"Spurs"},"turnover":0},{"id":6990135,"ast":1,"blk":0,"dreb":0,"fg3_pct":0.0,"fg3a":1,"fg3m":0,"fg_pct":16.7,"fga":6,"fgm":1,"ft_pct":0.0,"fta":0,"ftm":0,"game":{"id":450930,"date":"2021-08-06T00:00:00.000Z","home_team_id":15,"home_team_score":82,"period":4,"postseason":false,"season":2021,"status":"Final","time":"","visitor_team_id":27,"visitor_team_score":77},"min":"15:43","oreb":0,"pf":4,"player":{"id":17895693,"first_name":"Justin","height_feet":null,"height_inches":null,"last_name":"Turner","position":"G","team_id":27,"weight_pounds":null},"pts":2,"reb":0,"stl":0,"team":{"id":27,"abbreviation":"SAS","city":"San Antonio","conference":"West","division":"Southwest","full_name":"San Antonio Spurs","name":"Spurs"},"turnover":0},{"id":6990133,"ast":0,"blk":0,"dreb":0,"fg3_pct":0.0,"fg3a":0,"fg3m":0,"fg_pct":0.0,"fga":0,"fgm":0,"ft_pct":0.0,"fta":0,"ftm":0,"game":{"id":450930,"date":"2021-08-06T00:00:00.000Z","home_team_id":15,"home_team_score":82,"period":4,"postseason":false,"season":2021,"status":"Final","time":"","visitor_team_id":27,"visitor_team_score":77},"min":"0:00","oreb":0,"pf":0,"player":{"id":17896011,"first_name":"Nate","height_feet":null,"height_inches":null,"last_name":"Renfro","position":"F","team_id":27,"weight_pounds":null},"pts":0,"reb":0,"stl":0,"team":{"id":27,"abbreviation":"SAS","city":"San Antonio","conference":"West","division":"Southwest","full_name":"San Antonio Spurs","name":"Spurs"},"turnover":0},{"id":6990134,"ast":0,"blk":0,"dreb":0,"fg3_pct":0.0,"fg3a":0,"fg3m":0,"fg_pct":0.0,"fga":0,"fgm":0,"ft_pct":0.0,"fta":0,"ftm":0,"game":{"id":450930,"date":"2021-08-06T00:00:00.000Z","home_team_id":15,"home_team_score":82,"period":4,"postseason":false,"season":2021,"status":"Final","time":"","visitor_team_id":27,"visitor_team_score":77},"min":"0:00","oreb":0,"pf":0,"player":{"id":666871,"first_name":"Justin","height_feet":null,"height_inches":null,"last_name":"Robinson","position":"G","team_id":9,"weight_pounds":null},"pts":0,"reb":0,"stl":0,"team":{"id":27,"abbreviation":"SAS","city":"San Antonio","conference":"West","division":"Southwest","full_name":"San Antonio Spurs","name":"Spurs"},"turnover":0},{"id":6990142,"ast":5,"blk":0,"dreb":4,"fg3_pct":22.2,"fg3a":9,"fg3m":2,"fg_pct":50.0,"fga":20,"fgm":10,"ft_pct":66.7,"fta":3,"ftm":2,"game":{"id":450930,"date":"2021-08-06T00:00:00.000Z","home_team_id":15,"home_team_score":82,"period":4,"postseason":false,"season":2021,"status":"Final","time":"","visitor_team_id":27,"visitor_team_score":77},"min":"28:21","oreb":2,"pf":1,"player":{"id":3547287,"first_name":"Desmond","height_feet":null,"height_inches":null,"last_name":"Bane","position":"G","team_id":15,"weight_pounds":null},"pts":24,"reb":6,"stl":1,"team":{"id":15,"abbreviation":"MEM","city":"Memphis","conference":"West","division":"Southwest","full_name":"Memphis Grizzlies","name":"Grizzlies"},"turnover":5},{"id":6990139,"ast":2,"blk":0,"dreb":3,"fg3_pct":100.0,"fg3a":1,"fg3m":1,"fg_pct":50.0,"fga":8,"fgm":4,"ft_pct":83.3,"fta":6,"ftm":5,"game":{"id":450930,"date":"2021-08-06T00:00:00.000Z","home_team_id":15,"home_team_score":82,"period":4,"postseason":false,"season":2021,"status":"Final","time":"","visitor_team_id":27,"visitor_team_score":77},"min":"27:58","oreb":2,"pf":5,"player":{"id":3547285,"first_name":"Xavier","height_feet":null,"height_inches":null,"last_name":"Tillman","position":"F","team_id":15,"weight_pounds":null},"pts":14,"reb":5,"stl":2,"team":{"id":15,"abbreviation":"MEM","city":"Memphis","conference":"West","division":"Southwest","full_name":"Memphis Grizzlies","name":"Grizzlies"},"turnover":2},{"id":6990149,"ast":2,"blk":0,"dreb":2,"fg3_pct":0.0,"fg3a":4,"fg3m":0,"fg_pct":50.0,"fga":10,"fgm":5,"ft_pct":33.3,"fta":3,"ftm":1,"game":{"id":450930,"date":"2021-08-06T00:00:00.000Z","home_team_id":15,"home_team_score":82,"period":4,"postseason":false,"season":2021,"status":"Final","time":"","visitor_team_id":27,"visitor_team_score":77},"min":"28:25","oreb":2,"pf":1,"player":{"id":3547215,"first_name":"Killian","height_feet":null,"height_inches":null,"last_name":"Tillie","position":"F-C","team_id":15,"weight_pounds":null},"pts":11,"reb":4,"stl":1,"team":{"id":15,"abbreviation":"MEM","city":"Memphis","conference":"West","division":"Southwest","full_name":"Memphis Grizzlies","name":"Grizzlies"},"turnover":0},{"id":6990146,"ast":5,"blk":0,"dreb":5,"fg3_pct":33.3,"fg3a":9,"fg3m":3,"fg_pct":35.7,"fga":14,"fgm":5,"ft_pct":100.0,"fta":1,"ftm":1,"game":{"id":450930,"date":"2021-08-06T00:00:00.000Z","home_team_id":15,"home_team_score":82,"period":4,"postseason":false,"season":2021,"status":"Final","time":"","visitor_team_id":27,"visitor_team_score":77},"min":"29:28","oreb":0,"pf":2,"player":{"id":3547300,"first_name":"Sean","height_feet":null,"height_inches":null,"last_name":"McDermott","position":"F","team_id":15,"weight_pounds":null},"pts":14,"reb":5,"stl":1,"team":{"id":15,"abbreviation":"MEM","city":"Memphis","conference":"West","division":"Southwest","full_name":"Memphis Grizzlies","name":"Grizzlies"},"turnover":0},{"id":6990145,"ast":5,"blk":3,"dreb":9,"fg3_pct":50.0,"fg3a":2,"fg3m":1,"fg_pct":16.7,"fga":6,"fgm":1,"ft_pct":50.0,"fta":2,"ftm":1,"game":{"id":450930,"date":"2021-08-06T00:00:00.000Z","home_team_id":15,"home_team_score":82,"period":4,"postseason":false,"season":2021,"status":"Final","time":"","visitor_team_id":27,"visitor_team_score":77},"min":"27:00","oreb":2,"pf":1,"player":{"id":666703,"first_name":"John","height_feet":null,"height_inches":null,"last_name":"Konchar","position":"G-F","team_id":15,"weight_pounds":null},"pts":4,"reb":11,"stl":2,"team":{"id":15,"abbreviation":"MEM","city":"Memphis","conference":"West","division":"Southwest","full_name":"Memphis Grizzlies","name":"Grizzlies"},"turnover":2},{"id":6990140,"ast":0,"blk":0,"dreb":5,"fg3_pct":0.0,"fg3a":3,"fg3m":0,"fg_pct":25.0,"fga":4,"fgm":1,"ft_pct":0.0,"fta":0,"ftm":0,"game":{"id":450930,"date":"2021-08-06T00:00:00.000Z","home_team_id":15,"home_team_score":82,"period":4,"postseason":false,"season":2021,"status":"Final","time":"","visitor_team_id":27,"visitor_team_score":77},"min":"13:00","oreb":0,"pf":1,"player":{"id":17896108,"first_name":"Romeo","height_feet":null,"height_inches":null,"last_name":"Weems","position":"F","team_id":15,"weight_pounds":null},"pts":2,"reb":5,"stl":0,"team":{"id":15,"abbreviation":"MEM","city":"Memphis","conference":"West","division":"Southwest","full_name":"Memphis Grizzlies","name":"Grizzlies"},"turnover":1},{"id":6990137,"ast":0,"blk":2,"dreb":2,"fg3_pct":0.0,"fg3a":2,"fg3m":0,"fg_pct":0.0,"fga":3,"fgm":0,"ft_pct":0.0,"fta":0,"ftm":0,"game":{"id":450930,"date":"2021-08-06T00:00:00.000Z","home_team_id":15,"home_team_score":82,"period":4,"postseason":false,"season":2021,"status":"Final","time":"","visitor_team_id":27,"visitor_team_score":77},"min":"11:18","oreb":0,"pf":1,"player":{"id":17896066,"first_name":"Yves","height_feet":null,"height_inches":null,"last_name":"Pons","position":"G-F","team_id":15,"weight_pounds":null},"pts":0,"reb":2,"stl":0,"team":{"id":15,"abbreviation":"MEM","city":"Memphis","conference":"West","division":"Southwest","full_name":"Memphis Grizzlies","name":"Grizzlies"},"turnover":1},{"id":6990141,"ast":1,"blk":0,"dreb":2,"fg3_pct":100.0,"fg3a":1,"fg3m":1,"fg_pct":57.1,"fga":7,"fgm":4,"ft_pct":0.0,"fta":0,"ftm":0,"game":{"id":450930,"date":"2021-08-06T00:00:00.000Z","home_team_id":15,"home_team_score":82,"period":4,"postseason":false,"season":2021,"status":"Final","time":"","visitor_team_id":27,"visitor_team_score":77},"min":"11:39","oreb":0,"pf":2,"player":{"id":17895912,"first_name":"Ahmad","height_feet":null,"height_inches":null,"last_name":"Caver","position":"G","team_id":12,"weight_pounds":null},"pts":9,"reb":2,"stl":0,"team":{"id":15,"abbreviation":"MEM","city":"Memphis","conference":"West","division":"Southwest","full_name":"Memphis Grizzlies","name":"Grizzlies"},"turnover":3},{"id":6990147,"ast":1,"blk":0,"dreb":2,"fg3_pct":0.0,"fg3a":0,"fg3m":0,"fg_pct":0.0,"fga":0,"fgm":0,"ft_pct":100.0,"fta":2,"ftm":2,"game":{"id":450930,"date":"2021-08-06T00:00:00.000Z","home_team_id":15,"home_team_score":82,"period":4,"postseason":false,"season":2021,"status":"Final","time":"","visitor_team_id":27,"visitor_team_score":77},"min":"12:02","oreb":0,"pf":1,"player":{"id":2223,"first_name":"Ben","height_feet":6,"height_inches":8,"last_name":"Moore","position":"","team_id":15,"weight_pounds":220},"pts":2,"reb":2,"stl":0,"team":{"id":15,"abbreviation":"MEM","city":"Memphis","conference":"West","division":"Southwest","full_name":"Memphis Grizzlies","name":"Grizzlies"},"turnover":0},{"id":6990143,"ast":1,"blk":0,"dreb":0,"fg3_pct":0.0,"fg3a":3,"fg3m":0,"fg_pct":20.0,"fga":5,"fgm":1,"ft_pct":0.0,"fta":0,"ftm":0,"game":{"id":450930,"date":"2021-08-06T00:00:00.000Z","home_team_id":15,"home_team_score":82,"period":4,"postseason":false,"season":2021,"status":"Final","time":"","visitor_team_id":27,"visitor_team_score":77},"min":"10:49","oreb":0,"pf":3,"player":{"id":17895899,"first_name":"Shaq","height_feet":null,"height_inches":null,"last_name":"Buchanan","position":"G","team_id":15,"weight_pounds":null},"pts":2,"reb":0,"stl":1,"team":{"id":15,"abbreviation":"MEM","city":"Memphis","conference":"West","division":"Southwest","full_name":"Memphis Grizzlies","name":"Grizzlies"},"turnover":0},{"id":6990138,"ast":0,"blk":0,"dreb":0,"fg3_pct":0.0,"fg3a":0,"fg3m":0,"fg_pct":0.0,"fga":0,"fgm":0,"ft_pct":0.0,"fta":0,"ftm":0,"game":{"id":450930,"date":"2021-08-06T00:00:00.000Z","home_team_id":15,"home_team_score":82,"period":4,"postseason":false,"season":2021,"status":"Final","time":"","visitor_team_id":27,"visitor_team_score":77},"min":"0:00","oreb":0,"pf":0,"player":{"id":17896006,"first_name":"Anthony","height_feet":null,"height_inches":null,"last_name":"Cowan Jr.","position":"G","team_id":15,"weight_pounds":null},"pts":0,"reb":0,"stl":0,"team":{"id":15,"abbreviation":"MEM","city":"Memphis","conference":"West","division":"Southwest","full_name":"Memphis Grizzlies","name":"Grizzlies"},"turnover":0},{"id":6990144,"ast":0,"blk":0,"dreb":0,"fg3_pct":0.0,"fg3a":0,"fg3m":0,"fg_pct":0.0,"fga":0,"fgm":0,"ft_pct":0.0,"fta":0,"ftm":0,"game":{"id":450930,"date":"2021-08-06T00:00:00.000Z","home_team_id":15,"home_team_score":82,"period":4,"postseason":false,"season":2021,"status":"Final","time":"","visitor_team_id":27,"visitor_team_score":77},"min":"0:00","oreb":0,"pf":0,"player":{"id":17896010,"first_name":"Darnell","height_feet":null,"height_inches":null,"last_name":"Cowart","position":"F","team_id":15,"weight_pounds":null},"pts":0,"reb":0,"stl":0,"team":{"id":15,"abbreviation":"MEM","city":"Memphis","conference":"West","division":"Southwest","full_name":"Memphis Grizzlies","name":"Grizzlies"},"turnover":0},{"id":6990148,"ast":0,"blk":0,"dreb":0,"fg3_pct":0.0,"fg3a":0,"fg3m":0,"fg_pct":0.0,"fga":0,"fgm":0,"ft_pct":0.0,"fta":0,"ftm":0,"game":{"id":450930,"date":"2021-08-06T00:00:00.000Z","home_team_id":15,"home_team_score":82,"period":4,"postseason":false,"season":2021,"status":"Final","time":"","visitor_team_id":27,"visitor_team_score":77},"min":"0:00","oreb":0,"pf":0,"player":{"id":17895702,"first_name":"Olivier","height_feet":null,"height_inches":null,"last_name":"Sarr","position":"C","team_id":15,"weight_pounds":null},"pts":0,"reb":0,"stl":0,"team":{"id":15,"abbreviation":"MEM","city":"Memphis","conference":"West","division":"Southwest","full_name":"Memphis Grizzlies","name":"Grizzlies"},"turnover":0},{"id":6990150,"ast":0,"blk":0,"dreb":0,"fg3_pct":0.0,"fg3a":0,"fg3m":0,"fg_pct":0.0,"fga":0,"fgm":0,"ft_pct":0.0,"fta":0,"ftm":0,"game":{"id":450930,"date":"2021-08-06T00:00:00.000Z","home_team_id":15,"home_team_score":82,"period":4,"postseason":false,"season":2021,"status":"Final","time":"","visitor_team_id":27,"visitor_team_score":77},"min":"0:00","oreb":0,"pf":0,"player":{"id":17895703,"first_name":"Keaton","height_feet":null,"height_inches":null,"last_name":"Wallace","position":"G","team_id":15,"weight_pounds":null},"pts":0,"reb":0,"stl":0,"team":{"id":15,"abbreviation":"MEM","city":"Memphis","conference":"West","division":"Southwest","full_name":"Memphis Grizzlies","name":"Grizzlies"},"turnover":0},{"id":7066821,"ast":0,"blk":0,"dreb":0,"fg3_pct":0.0,"fg3a":1,"fg3m":0,"fg_pct":0.0,"fga":1,"fgm":0,"ft_pct":0.0,"fta":0,"ftm":0,"game":{"id":455104,"date":"2021-08-10T00:00:00.000Z","home_team_id":30,"home_team_score":75,"period":0,"postseason":false,"season":2021,"status":"Final","time":"","visitor_team_id":26,"visitor_team_score":89},"min":"4:21","oreb":0,"pf":2,"player":{"id":17553971,"first_name":"Marcus","height_feet":null,"height_inches":null,"last_name":"Graves","position":"G","team_id":26,"weight_pounds":null},"pts":0,"reb":0,"stl":0,"team":{"id":26,"abbreviation":"SAC","city":"Sacramento","conference":"West","division":"Pacific","full_name":"Sacramento Kings","name":"Kings"},"turnover":2},{"id":7066822,"ast":0,"blk":0,"dreb":0,"fg3_pct":0.0,"fg3a":0,"fg3m":0,"fg_pct":0.0,"fga":0,"fgm":0,"ft_pct":0.0,"fta":0,"ftm":0,"game":{"id":455104,"date":"2021-08-10T00:00:00.000Z","home_team_id":30,"home_team_score":75,"period":0,"postseason":false,"season":2021,"status":"Final","time":"","visitor_team_id":26,"visitor_team_score":89},"min":"4:21","oreb":0,"pf":0,"player":{"id":17553945,"first_name":"Damien","height_feet":null,"height_inches":null,"last_name":"Jefferson","position":"F","team_id":26,"weight_pounds":null},"pts":0,"reb":0,"stl":0,"team":{"id":26,"abbreviation":"SAC","city":"Sacramento","conference":"West","division":"Pacific","full_name":"Sacramento Kings","name":"Kings"},"turnover":0},{"id":7066819,"ast":0,"blk":0,"dreb":1,"fg3_pct":0.0,"fg3a":1,"fg3m":0,"fg_pct":0.0,"fga":2,"fgm":0,"ft_pct":0.0,"fta":0,"ftm":0,"game":{"id":455104,"date":"2021-08-10T00:00:00.000Z","home_team_id":30,"home_team_score":75,"period":0,"postseason":false,"season":2021,"status":"Final","time":"","visitor_team_id":26,"visitor_team_score":89},"min":"4:21","oreb":0,"pf":0,"player":{"id":17553943,"first_name":"Alex","height_feet":null,"height_inches":null,"last_name":"Antetokounmpo","position":"F","team_id":26,"weight_pounds":null},"pts":0,"reb":1,"stl":0,"team":{"id":26,"abbreviation":"SAC","city":"Sacramento","conference":"West","division":"Pacific","full_name":"Sacramento Kings","name":"Kings"},"turnover":0},{"id":7066820,"ast":0,"blk":0,"dreb":0,"fg3_pct":0.0,"fg3a":0,"fg3m":0,"fg_pct":0.0,"fga":0,"fgm":0,"ft_pct":0.0,"fta":0,"ftm":0,"game":{"id":455104,"date":"2021-08-10T00:00:00.000Z","home_team_id":30,"home_team_score":75,"period":0,"postseason":false,"season":2021,"status":"Final","time":"","visitor_team_id":26,"visitor_team_score":89},"min":"0:00","oreb":0,"pf":0,"player":{"id":17896105,"first_name":"Matt","height_feet":null,"height_inches":null,"last_name":"Coleman III","position":"G","team_id":26,"weight_pounds":null},"pts":0,"reb":0,"stl":0,"team":{"id":26,"abbreviation":"SAC","city":"Sacramento","conference":"West","division":"Pacific","full_name":"Sacramento Kings","name":"Kings"},"turnover":0},{"id":7066814,"ast":3,"blk":0,"dreb":2,"fg3_pct":66.7,"fg3a":6,"fg3m":4,"fg_pct":46.2,"fga":13,"fgm":6,"ft_pct":0.0,"fta":0,"ftm":0,"game":{"id":455104,"date":"2021-08-10T00:00:00.000Z","home_team_id":30,"home_team_score":75,"period":0,"postseason":false,"season":2021,"status":"Final","time":"","visitor_team_id":26,"visitor_team_score":89},"min":"21:50","oreb":2,"pf":3,"player":{"id":666698,"first_name":"Louis","height_feet":null,"height_inches":null,"last_name":"King","position":"F","team_id":23,"weight_pounds":null},"pts":16,"reb":4,"stl":2,"team":{"id":26,"abbreviation":"SAC","city":"Sacramento","conference":"West","division":"Pacific","full_name":"Sacramento Kings","name":"Kings"},"turnover":0},{"id":7066815,"ast":4,"blk":1,"dreb":7,"fg3_pct":40.0,"fg3a":5,"fg3m":2,"fg_pct":33.3,"fga":9,"fgm":3,"ft_pct":100.0,"fta":2,"ftm":2,"game":{"id":455104,"date":"2021-08-10T00:00:00.000Z","home_team_id":30,"home_team_score":75,"period":0,"postseason":false,"season":2021,"status":"Final","time":"","visitor_team_id":26,"visitor_team_score":89},"min":"21:00","oreb":0,"pf":1,"player":{"id":314,"first_name":"Chimezie","height_feet":6,"height_inches":10,"last_name":"Metu","position":"F","team_id":26,"weight_pounds":225},"pts":10,"reb":7,"stl":0,"team":{"id":26,"abbreviation":"SAC","city":"Sacramento","conference":"West","division":"Pacific","full_name":"Sacramento Kings","name":"Kings"},"turnover":3},{"id":7066816,"ast":1,"blk":1,"dreb":5,"fg3_pct":0.0,"fg3a":0,"fg3m":0,"fg_pct":50.0,"fga":4,"fgm":2,"ft_pct":66.7,"fta":3,"ftm":2,"game":{"id":455104,"date":"2021-08-10T00:00:00.000Z","home_team_id":30,"home_team_score":75,"period":0,"postseason":false,"season":2021,"status":"Final","time":"","visitor_team_id":26,"visitor_team_score":89},"min":"21:27","oreb":1,"pf":3,"player":{"id":17553967,"first_name":"Neemias","height_feet":null,"height_inches":null,"last_name":"Queta","position":"C","team_id":26,"weight_pounds":null},"pts":6,"reb":6,"stl":1,"team":{"id":26,"abbreviation":"SAC","city":"Sacramento","conference":"West","division":"Pacific","full_name":"Sacramento Kings","name":"Kings"},"turnover":1},{"id":7066817,"ast":1,"blk":0,"dreb":2,"fg3_pct":33.3,"fg3a":3,"fg3m":1,"fg_pct":62.5,"fga":8,"fgm":5,"ft_pct":66.7,"fta":3,"ftm":2,"game":{"id":455104,"date":"2021-08-10T00:00:00.000Z","home_team_id":30,"home_team_score":75,"period":0,"postseason":false,"season":2021,"status":"Final","time":"","visitor_team_id":26,"visitor_team_score":89},"min":"22:26","oreb":0,"pf":0,"player":{"id":3547262,"first_name":"Jahmi'us","height_feet":null,"height_inches":null,"last_name":"Ramsey","position":"G","team_id":26,"weight_pounds":null},"pts":13,"reb":2,"stl":1,"team":{"id":26,"abbreviation":"SAC","city":"Sacramento","conference":"West","division":"Pacific","full_name":"Sacramento Kings","name":"Kings"},"turnover":0},{"id":7066818,"ast":4,"blk":0,"dreb":2,"fg3_pct":66.7,"fg3a":3,"fg3m":2,"fg_pct":62.5,"fga":8,"fgm":5,"ft_pct":0.0,"fta":1,"ftm":0,"game":{"id":455104,"date":"2021-08-10T00:00:00.000Z","home_team_id":30,"home_team_score":75,"period":0,"postseason":false,"season":2021,"status":"Final","time":"","visitor_team_id":26,"visitor_team_score":89},"min":"21:50","oreb":0,"pf":2,"player":{"id":17553994,"first_name":"Davion","height_feet":null,"height_inches":null,"last_name":"Mitchell","position":"G","team_id":26,"weight_pounds":null},"pts":12,"reb":2,"stl":0,"team":{"id":26,"abbreviation":"SAC","city":"Sacramento","conference":"West","division":"Pacific","full_name":"Sacramento Kings","name":"Kings"},"turnover":3},{"id":7066826,"ast":0,"blk":1,"dreb":7,"fg3_pct":0.0,"fg3a":0,"fg3m":0,"fg_pct":0.0,"fga":5,"fgm":0,"ft_pct":0.0,"fta":0,"ftm":0,"game":{"id":455104,"date":"2021-08-10T00:00:00.000Z","home_team_id":30,"home_team_score":75,"period":0,"postseason":false,"season":2021,"status":"Final","time":"","visitor_team_id":26,"visitor_team_score":89},"min":"14:12","oreb":3,"pf":2,"player":{"id":5279,"first_name":"Emanuel","height_feet":6,"height_inches":9,"last_name":"Terry","position":"","team_id":24,"weight_pounds":220},"pts":0,"reb":10,"stl":0,"team":{"id":26,"abbreviation":"SAC","city":"Sacramento","conference":"West","division":"Pacific","full_name":"Sacramento Kings","name":"Kings"},"turnover":1},{"id":7066823,"ast":0,"blk":0,"dreb":1,"fg3_pct":60.0,"fg3a":5,"fg3m":3,"fg_pct":71.4,"fga":7,"fgm":5,"ft_pct":0.0,"fta":0,"ftm":0,"game":{"id":455104,"date":"2021-08-10T00:00:00.000Z","home_team_id":30,"home_team_score":75,"period":0,"postseason":false,"season":2021,"status":"Final","time":"","visitor_team_id":26,"visitor_team_score":89},"min":"13:49","oreb":0,"pf":2,"player":{"id":17553986,"first_name":"Ade","height_feet":null,"height_inches":null,"last_name":"Murkey","position":"G","team_id":26,"weight_pounds":null},"pts":13,"reb":1,"stl":2,"team":{"id":26,"abbreviation":"SAC","city":"Sacramento","conference":"West","division":"Pacific","full_name":"Sacramento Kings","name":"Kings"},"turnover":0},{"id":7067123,"ast":3,"blk":0,"dreb":0,"fg3_pct":50.0,"fg3a":2,"fg3m":1,"fg_pct":66.7,"fga":6,"fgm":4,"ft_pct":100.0,"fta":1,"ftm":1,"game":{"id":455104,"date":"2021-08-10T00:00:00.000Z","home_team_id":30,"home_team_score":75,"period":0,"postseason":false,"season":2021,"status":"Final","time":"","visitor_team_id":26,"visitor_team_score":89},"min":"13:49","oreb":0,"pf":1,"player":{"id":17553944,"first_name":"Matt","height_feet":null,"height_inches":null,"last_name":"Coleman","position":"G","team_id":26,"weight_pounds":null},"pts":10,"reb":0,"stl":3,"team":{"id":26,"abbreviation":"SAC","city":"Sacramento","conference":"West","division":"Pacific","full_name":"Sacramento Kings","name":"Kings"},"turnover":2},{"id":7067121,"ast":0,"blk":0,"dreb":1,"fg3_pct":0.0,"fg3a":5,"fg3m":0,"fg_pct":28.6,"fga":7,"fgm":2,"ft_pct":0.0,"fta":1,"ftm":0,"game":{"id":455104,"date":"2021-08-10T00:00:00.000Z","home_team_id":30,"home_team_score":75,"period":0,"postseason":false,"season":2021,"status":"Final","time":"","visitor_team_id":26,"visitor_team_score":89},"min":"13:13","oreb":0,"pf":1,"player":{"id":17554006,"first_name":"Jordan","height_feet":null,"height_inches":null,"last_name":"Schakel","position":"G","team_id":30,"weight_pounds":null},"pts":4,"reb":1,"stl":2,"team":{"id":26,"abbreviation":"SAC","city":"Sacramento","conference":"West","division":"Pacific","full_name":"Sacramento Kings","name":"Kings"},"turnover":0},{"id":7066828,"ast":1,"blk":0,"dreb":3,"fg3_pct":50.0,"fg3a":2,"fg3m":1,"fg_pct":50.0,"fga":4,"fgm":2,"ft_pct":0.0,"fta":0,"ftm":0,"game":{"id":455104,"date":"2021-08-10T00:00:00.000Z","home_team_id":30,"home_team_score":75,"period":0,"postseason":false,"season":2021,"status":"Final","time":"","visitor_team_id":26,"visitor_team_score":89},"min":"17:38","oreb":0,"pf":1,"player":{"id":3547288,"first_name":"Robert","height_feet":null,"height_inches":null,"last_name":"Woodard II","position":"F","team_id":27,"weight_pounds":null},"pts":5,"reb":3,"stl":0,"team":{"id":26,"abbreviation":"SAC","city":"Sacramento","conference":"West","division":"Pacific","full_name":"Sacramento Kings","name":"Kings"},"turnover":2},{"id":7066827,"ast":0,"blk":0,"dreb":2,"fg3_pct":0.0,"fg3a":1,"fg3m":0,"fg_pct":0.0,"fga":2,"fgm":0,"ft_pct":0.0,"fta":0,"ftm":0,"game":{"id":455104,"date":"2021-08-10T00:00:00.000Z","home_team_id":30,"home_team_score":75,"period":0,"postseason":false,"season":2021,"status":"Final","time":"","visitor_team_id":26,"visitor_team_score":89},"min":"4:21","oreb":1,"pf":1,"player":{"id":479,"first_name":"Johnathan","height_feet":6,"height_inches":9,"last_name":"Williams","position":"F","team_id":26,"weight_pounds":228},"pts":0,"reb":3,"stl":0,"team":{"id":26,"abbreviation":"SAC","city":"Sacramento","conference":"West","division":"Pacific","full_name":"Sacramento Kings","name":"Kings"},"turnover":0},{"id":7066824,"ast":0,"blk":0,"dreb":0,"fg3_pct":0.0,"fg3a":0,"fg3m":0,"fg_pct":0.0,"fga":0,"fgm":0,"ft_pct":0.0,"fta":0,"ftm":0,"game":{"id":455104,"date":"2021-08-10T00:00:00.000Z","home_team_id":30,"home_team_score":75,"period":0,"postseason":false,"season":2021,"status":"Final","time":"","visitor_team_id":26,"visitor_team_score":89},"min":"1:22","oreb":0,"pf":0,"player":{"id":17553980,"first_name":"Princepal","height_feet":null,"height_inches":null,"last_name":"Singh","position":"F","team_id":26,"weight_pounds":null},"pts":0,"reb":0,"stl":0,"team":{"id":26,"abbreviation":"SAC","city":"Sacramento","conference":"West","division":"Pacific","full_name":"Sacramento Kings","name":"Kings"},"turnover":0},{"id":7066825,"ast":0,"blk":0,"dreb":0,"fg3_pct":0.0,"fg3a":0,"fg3m":0,"fg_pct":0.0,"fga":0,"fgm":0,"ft_pct":0.0,"fta":0,"ftm":0,"game":{"id":455104,"date":"2021-08-10T00:00:00.000Z","home_team_id":30,"home_team_score":75,"period":0,"postseason":false,"season":2021,"status":"Final","time":"","visitor_team_id":26,"visitor_team_score":89},"min":"0:00","oreb":0,"pf":0,"player":{"id":17553996,"first_name":"DJ","height_feet":null,"height_inches":null,"last_name":"Steward","position":"G","team_id":26,"weight_pounds":null},"pts":0,"reb":0,"stl":0,"team":{"id":26,"abbreviation":"SAC","city":"Sacramento","conference":"West","division":"Pacific","full_name":"Sacramento Kings","name":"Kings"},"turnover":0},{"id":7066829,"ast":1,"blk":0,"dreb":2,"fg3_pct":40.0,"fg3a":5,"fg3m":2,"fg_pct":33.3,"fga":9,"fgm":3,"ft_pct":0.0,"fta":0,"ftm":0,"game":{"id":455104,"date":"2021-08-10T00:00:00.000Z","home_team_id":30,"home_team_score":75,"period":0,"postseason":false,"season":2021,"status":"Final","time":"","visitor_team_id":26,"visitor_team_score":89},"min":"26:07","oreb":0,"pf":1,"player":{"id":17896045,"first_name":"Corey","height_feet":null,"height_inches":null,"last_name":"Kispert","position":"F","team_id":30,"weight_pounds":null},"pts":8,"reb":2,"stl":0,"team":{"id":30,"abbreviation":"WAS","city":"Washington","conference":"East","division":"Southeast","full_name":"Washington Wizards","name":"Wizards"},"turnover":2},{"id":7066830,"ast":1,"blk":0,"dreb":3,"fg3_pct":0.0,"fg3a":1,"fg3m":0,"fg_pct":33.3,"fga":6,"fgm":2,"ft_pct":50.0,"fta":4,"ftm":2,"game":{"id":455104,"date":"2021-08-10T00:00:00.000Z","home_team_id":30,"home_team_score":75,"period":0,"postseason":false,"season":2021,"status":"Final","time":"","visitor_team_id":26,"visitor_team_score":89},"min":"20:31","oreb":1,"pf":1,"player":{"id":666630,"first_name":"Dewan","height_feet":null,"height_inches":null,"last_name":"Hernandez","position":"C","team_id":30,"weight_pounds":null},"pts":6,"reb":4,"stl":0,"team":{"id":30,"abbreviation":"WAS","city":"Washington","conference":"East","division":"Southeast","full_name":"Washington Wizards","name":"Wizards"},"turnover":1},{"id":7066831,"ast":1,"blk":0,"dreb":4,"fg3_pct":0.0,"fg3a":3,"fg3m":0,"fg_pct":33.3,"fga":9,"fgm":3,"ft_pct":66.7,"fta":3,"ftm":2,"game":{"id":455104,"date":"2021-08-10T00:00:00.000Z","home_team_id":30,"home_team_score":75,"period":0,"postseason":false,"season":2021,"status":"Final","time":"","visitor_team_id":26,"visitor_team_score":89},"min":"22:07","oreb":3,"pf":1,"player":{"id":17896103,"first_name":"Jay","height_feet":null,"height_inches":null,"last_name":"Huff","position":"F-C","team_id":30,"weight_pounds":null},"pts":8,"reb":7,"stl":0,"team":{"id":30,"abbreviation":"WAS","city":"Washington","conference":"East","division":"Southeast","full_name":"Washington Wizards","name":"Wizards"},"turnover":0},{"id":7066832,"ast":2,"blk":0,"dreb":1,"fg3_pct":75.0,"fg3a":4,"fg3m":3,"fg_pct":75.0,"fga":8,"fgm":6,"ft_pct":100.0,"fta":2,"ftm":2,"game":{"id":455104,"date":"2021-08-10T00:00:00.000Z","home_team_id":30,"home_team_score":75,"period":0,"postseason":false,"season":2021,"status":"Final","time":"","visitor_team_id":26,"visitor_team_score":89},"min":"25:00","oreb":0,"pf":3,"player":{"id":12044014,"first_name":"Caleb","height_feet":null,"height_inches":null,"last_name":"Homesley","position":"G","team_id":30,"weight_pounds":null},"pts":17,"reb":1,"stl":0,"team":{"id":30,"abbreviation":"WAS","city":"Washington","conference":"East","division":"Southeast","full_name":"Washington Wizards","name":"Wizards"},"turnover":4},{"id":7066833,"ast":2,"blk":0,"dreb":5,"fg3_pct":0.0,"fg3a":4,"fg3m":0,"fg_pct":23.1,"fga":13,"fgm":3,"ft_pct":100.0,"fta":6,"ftm":6,"game":{"id":455104,"date":"2021-08-10T00:00:00.000Z","home_team_id":30,"home_team_score":75,"period":0,"postseason":false,"season":2021,"status":"Final","time":"","visitor_team_id":26,"visitor_team_score":89},"min":"21:38","oreb":3,"pf":2,"player":{"id":17895726,"first_name":"Jordan","height_feet":null,"height_inches":null,"last_name":"Goodwin","position":"G","team_id":30,"weight_pounds":null},"pts":12,"reb":8,"stl":2,"team":{"id":30,"abbreviation":"WAS","city":"Washington","conference":"East","division":"Southeast","full_name":"Washington Wizards","name":"Wizards"},"turnover":2},{"id":7066838,"ast":4,"blk":1,"dreb":2,"fg3_pct":50.0,"fg3a":4,"fg3m":2,"fg_pct":55.6,"fga":9,"fgm":5,"ft_pct":100.0,"fta":2,"ftm":2,"game":{"id":455104,"date":"2021-08-10T00:00:00.000Z","home_team_id":30,"home_team_score":75,"period":0,"postseason":false,"season":2021,"status":"Final","time":"","visitor_team_id":26,"visitor_team_score":89},"min":"23:21","oreb":0,"pf":6,"player":{"id":3547291,"first_name":"Mason","height_feet":null,"height_inches":null,"last_name":"Jones","position":"G","team_id":14,"weight_pounds":null},"pts":14,"reb":2,"stl":1,"team":{"id":30,"abbreviation":"WAS","city":"Washington","conference":"East","division":"Southeast","full_name":"Washington Wizards","name":"Wizards"},"turnover":5},{"id":7066835,"ast":2,"blk":1,"dreb":3,"fg3_pct":0.0,"fg3a":4,"fg3m":0,"fg_pct":33.3,"fga":6,"fgm":2,"ft_pct":100.0,"fta":2,"ftm":2,"game":{"id":455104,"date":"2021-08-10T00:00:00.000Z","home_team_id":30,"home_team_score":75,"period":0,"postseason":false,"season":2021,"status":"Final","time":"","visitor_team_id":26,"visitor_team_score":89},"min":"23:35","oreb":1,"pf":0,"player":{"id":17895838,"first_name":"Aubrey","height_feet":null,"height_inches":null,"last_name":"Dawkins","position":"G-F","team_id":30,"weight_pounds":null},"pts":6,"reb":4,"stl":2,"team":{"id":30,"abbreviation":"WAS","city":"Washington","conference":"East","division":"Southeast","full_name":"Washington Wizards","name":"Wizards"},"turnover":1},{"id":7067135,"ast":1,"blk":1,"dreb":5,"fg3_pct":0.0,"fg3a":2,"fg3m":0,"fg_pct":0.0,"fga":3,"fgm":0,"ft_pct":0.0,"fta":0,"ftm":0,"game":{"id":455104,"date":"2021-08-10T00:00:00.000Z","home_team_id":30,"home_team_score":75,"period":0,"postseason":false,"season":2021,"status":"Final","time":"","visitor_team_id":26,"visitor_team_score":89},"min":"11:01","oreb":0,"pf":0,"player":{"id":18039569,"first_name":"Xavier","height_feet":null,"height_inches":null,"last_name":"Rathan-Mayes","position":"","team_id":30,"weight_pounds":null},"pts":0,"reb":5,"stl":0,"team":{"id":30,"abbreviation":"WAS","city":"Washington","conference":"East","division":"Southeast","full_name":"Washington Wizards","name":"Wizards"},"turnover":2},{"id":7066834,"ast":0,"blk":1,"dreb":6,"fg3_pct":0.0,"fg3a":0,"fg3m":0,"fg_pct":50.0,"fga":2,"fgm":1,"ft_pct":0.0,"fta":0,"ftm":0,"game":{"id":455104,"date":"2021-08-10T00:00:00.000Z","home_team_id":30,"home_team_score":75,"period":0,"postseason":false,"season":2021,"status":"Final","time":"","visitor_team_id":26,"visitor_team_score":89},"min":"11:23","oreb":1,"pf":2,"player":{"id":666453,"first_name":"Marques","height_feet":null,"height_inches":null,"last_name":"Bolden","position":"C","team_id":29,"weight_pounds":null},"pts":2,"reb":7,"stl":1,"team":{"id":30,"abbreviation":"WAS","city":"Washington","conference":"East","division":"Southeast","full_name":"Washington Wizards","name":"Wizards"},"turnover":2},{"id":7066837,"ast":0,"blk":0,"dreb":1,"fg3_pct":0.0,"fg3a":1,"fg3m":0,"fg_pct":50.0,"fga":2,"fgm":1,"ft_pct":0.0,"fta":0,"ftm":0,"game":{"id":455104,"date":"2021-08-10T00:00:00.000Z","home_team_id":30,"home_team_score":75,"period":0,"postseason":false,"season":2021,"status":"Final","time":"","visitor_team_id":26,"visitor_team_score":89},"min":"5:28","oreb":2,"pf":0,"player":{"id":17895727,"first_name":"Austin","height_feet":null,"height_inches":null,"last_name":"Hollins","position":"G-F","team_id":30,"weight_pounds":null},"pts":2,"reb":3,"stl":0,"team":{"id":30,"abbreviation":"WAS","city":"Washington","conference":"East","division":"Southeast","full_name":"Washington Wizards","name":"Wizards"},"turnover":1},{"id":7066836,"ast":0,"blk":1,"dreb":1,"fg3_pct":0.0,"fg3a":0,"fg3m":0,"fg_pct":0.0,"fga":0,"fgm":0,"ft_pct":0.0,"fta":0,"ftm":0,"game":{"id":455104,"date":"2021-08-10T00:00:00.000Z","home_team_id":30,"home_team_score":75,"period":0,"postseason":false,"season":2021,"status":"Final","time":"","visitor_team_id":26,"visitor_team_score":89},"min":"4:21","oreb":0,"pf":0,"player":{"id":17895725,"first_name":"Jaime","height_feet":null,"height_inches":null,"last_name":"Echenique","position":"C","team_id":30,"weight_pounds":null},"pts":0,"reb":1,"stl":0,"team":{"id":30,"abbreviation":"WAS","city":"Washington","conference":"East","division":"Southeast","full_name":"Washington Wizards","name":"Wizards"},"turnover":0},{"id":7066839,"ast":0,"blk":0,"dreb":0,"fg3_pct":0.0,"fg3a":0,"fg3m":0,"fg_pct":0.0,"fga":0,"fgm":0,"ft_pct":0.0,"fta":0,"ftm":0,"game":{"id":455104,"date":"2021-08-10T00:00:00.000Z","home_team_id":30,"home_team_score":75,"period":0,"postseason":false,"season":2021,"status":"Final","time":"","visitor_team_id":26,"visitor_team_score":89},"min":"0:00","oreb":0,"pf":0,"player":{"id":17895967,"first_name":"Isaiah","height_feet":null,"height_inches":null,"last_name":"Todd","position":"F","team_id":30,"weight_pounds":null},"pts":0,"reb":0,"stl":0,"team":{"id":30,"abbreviation":"WAS","city":"Washington","conference":"East","division":"Southeast","full_name":"Washington Wizards","name":"Wizards"},"turnover":0},{"id":7068300,"ast":0,"blk":0,"dreb":0,"fg3_pct":0.0,"fg3a":1,"fg3m":0,"fg_pct":0.0,"fga":1,"fgm":0,"ft_pct":0.0,"fta":0,"ftm":0,"game":{"id":455104,"date":"2021-08-10T00:00:00.000Z","home_team_id":30,"home_team_score":75,"period":0,"postseason":false,"season":2021,"status":"Final","time":"","visitor_team_id":26,"visitor_team_score":89},"min":"5:28","oreb":0,"pf":0,"player":{"id":18041884,"first_name":"Asante","height_feet":null,"height_inches":null,"last_name":"Gist","position":"","team_id":30,"weight_pounds":null},"pts":0,"reb":0,"stl":1,"team":{"id":30,"abbreviation":"WAS","city":"Washington","conference":"East","division":"Southeast","full_name":"Washington Wizards","name":"Wizards"},"turnover":1},{"id":7068737,"ast":0,"blk":0,"dreb":0,"fg3_pct":0.0,"fg3a":1,"fg3m":0,"fg_pct":0.0,"fga":1,"fgm":0,"ft_pct":0.0,"fta":0,"ftm":0,"game":{"id":455104,"date":"2021-08-10T00:00:00.000Z","home_team_id":30,"home_team_score":75,"period":0,"postseason":false,"season":2021,"status":"Final","time":"","visitor_team_id":26,"visitor_team_score":89},"min":"5:28","oreb":0,"pf":0,"player":{"id":18042321,"first_name":"Asante","height_feet":null,"height_inches":null,"last_name":"Gist","position":"","team_id":30,"weight_pounds":null},"pts":0,"reb":0,"stl":1,"team":{"id":30,"abbreviation":"WAS","city":"Washington","conference":"East","division":"Southeast","full_name":"Washington Wizards","name":"Wizards"},"turnover":1},{"id":7067809,"ast":2,"blk":1,"dreb":8,"fg3_pct":22.2,"fg3a":9,"fg3m":2,"fg_pct":20.0,"fga":20,"fgm":4,"ft_pct":83.3,"fta":6,"ftm":5,"game":{"id":455105,"date":"2021-08-10T00:00:00.000Z","home_team_id":25,"home_team_score":86,"period":0,"postseason":false,"season":2021,"status":"Final","time":"","visitor_team_id":13,"visitor_team_score":66},"min":"31:27","oreb":2,"pf":0,"player":{"id":3547280,"first_name":"Jay","height_feet":null,"height_inches":null,"last_name":"Scrubb","position":"G","team_id":22,"weight_pounds":null},"pts":15,"reb":10,"stl":1,"team":{"id":13,"abbreviation":"LAC","city":"LA","conference":"West","division":"Pacific","full_name":"LA Clippers","name":"Clippers"},"turnover":2},{"id":7067810,"ast":1,"blk":2,"dreb":7,"fg3_pct":0.0,"fg3a":5,"fg3m":0,"fg_pct":12.5,"fga":8,"fgm":1,"ft_pct":50.0,"fta":4,"ftm":2,"game":{"id":455105,"date":"2021-08-10T00:00:00.000Z","home_team_id":25,"home_team_score":86,"period":0,"postseason":false,"season":2021,"status":"Final","time":"","visitor_team_id":13,"visitor_team_score":66},"min":"23:32","oreb":0,"pf":2,"player":{"id":666511,"first_name":"Amir","height_feet":null,"height_inches":null,"last_name":"Coffey","position":"G","team_id":13,"weight_pounds":null},"pts":4,"reb":7,"stl":0,"team":{"id":13,"abbreviation":"LAC","city":"LA","conference":"West","division":"Pacific","full_name":"LA Clippers","name":"Clippers"},"turnover":3},{"id":7067811,"ast":0,"blk":5,"dreb":10,"fg3_pct":0.0,"fg3a":1,"fg3m":0,"fg_pct":55.6,"fga":9,"fgm":5,"ft_pct":50.0,"fta":2,"ftm":1,"game":{"id":455105,"date":"2021-08-10T00:00:00.000Z","home_team_id":25,"home_team_score":86,"period":0,"postseason":false,"season":2021,"status":"Final","time":"","visitor_team_id":13,"visitor_team_score":66},"min":"24:34","oreb":3,"pf":1,"player":{"id":3547263,"first_name":"Daniel","height_feet":null,"height_inches":null,"last_name":"Oturu","position":"C","team_id":28,"weight_pounds":null},"pts":11,"reb":13,"stl":0,"team":{"id":13,"abbreviation":"LAC","city":"LA","conference":"West","division":"Pacific","full_name":"LA Clippers","name":"Clippers"},"turnover":2},{"id":7067812,"ast":6,"blk":0,"dreb":2,"fg3_pct":12.5,"fg3a":8,"fg3m":1,"fg_pct":21.4,"fga":14,"fgm":3,"ft_pct":100.0,"fta":1,"ftm":1,"game":{"id":455105,"date":"2021-08-10T00:00:00.000Z","home_team_id":25,"home_team_score":86,"period":0,"postseason":false,"season":2021,"status":"Final","time":"","visitor_team_id":13,"visitor_team_score":66},"min":"32:01","oreb":5,"pf":5,"player":{"id":17896041,"first_name":"Keon","height_feet":null,"height_inches":null,"last_name":"Johnson","position":"G","team_id":25,"weight_pounds":null},"pts":8,"reb":7,"stl":0,"team":{"id":13,"abbreviation":"LAC","city":"LA","conference":"West","division":"Pacific","full_name":"LA Clippers","name":"Clippers"},"turnover":0},{"id":7067813,"ast":2,"blk":0,"dreb":1,"fg3_pct":0.0,"fg3a":1,"fg3m":0,"fg_pct":0.0,"fga":2,"fgm":0,"ft_pct":0.0,"fta":0,"ftm":0,"game":{"id":455105,"date":"2021-08-10T00:00:00.000Z","home_team_id":25,"home_team_score":86,"period":0,"postseason":false,"season":2021,"status":"Final","time":"","visitor_team_id":13,"visitor_team_score":66},"min":"13:33","oreb":1,"pf":2,"player":{"id":17896042,"first_name":"Jason","height_feet":null,"height_inches":null,"last_name":"Preston","position":"G","team_id":13,"weight_pounds":null},"pts":0,"reb":2,"stl":0,"team":{"id":13,"abbreviation":"LAC","city":"LA","conference":"West","division":"Pacific","full_name":"LA Clippers","name":"Clippers"},"turnover":2},{"id":7067814,"ast":3,"blk":1,"dreb":3,"fg3_pct":28.6,"fg3a":7,"fg3m":2,"fg_pct":23.1,"fga":13,"fgm":3,"ft_pct":0.0,"fta":0,"ftm":0,"game":{"id":455105,"date":"2021-08-10T00:00:00.000Z","home_team_id":25,"home_team_score":86,"period":0,"postseason":false,"season":2021,"status":"Final","time":"","visitor_team_id":13,"visitor_team_score":66},"min":"26:30","oreb":2,"pf":3,"player":{"id":17896022,"first_name":"Brandon","height_feet":null,"height_inches":null,"last_name":"Boston Jr.","position":"G","team_id":13,"weight_pounds":null},"pts":8,"reb":5,"stl":2,"team":{"id":13,"abbreviation":"LAC","city":"LA","conference":"West","division":"Pacific","full_name":"LA Clippers","name":"Clippers"},"turnover":3},{"id":7067817,"ast":0,"blk":1,"dreb":1,"fg3_pct":0.0,"fg3a":1,"fg3m":0,"fg_pct":33.3,"fga":9,"fgm":3,"ft_pct":0.0,"fta":0,"ftm":0,"game":{"id":455105,"date":"2021-08-10T00:00:00.000Z","home_team_id":25,"home_team_score":86,"period":0,"postseason":false,"season":2021,"status":"Final","time":"","visitor_team_id":13,"visitor_team_score":66},"min":"12:29","oreb":5,"pf":3,"player":{"id":209,"first_name":"Isaiah","height_feet":6,"height_inches":9,"last_name":"Hicks","position":"F","team_id":13,"weight_pounds":230},"pts":6,"reb":6,"stl":0,"team":{"id":13,"abbreviation":"LAC","city":"LA","conference":"West","division":"Pacific","full_name":"LA Clippers","name":"Clippers"},"turnover":1}],"meta":{"total_pages":370,"current_page":1,"next_page":2,"per_page":100,"total_count":36938}}