{"data":[{"id":455107,"date":"2021-08-10T00:00:00.000Z","home_team":{"id":12,"abbreviation":"IND","city":"Indiana","conference":"East","division":"Central","full_name":"Indiana Pacers","name":"Pacers"},"home_team_score":83,"period":0,"postseason":false,"season":2021,"status":"Final","time":"","visitor_team":{"id":1,"abbreviation":"ATL","city":"Atlanta","conference":"East","division":"Southeast","full_name":"Atlanta Hawks","name":"Hawks"},"visitor_team_score":84},{"id":473359,"date":"2021-10-04T00:00:00.000Z","home_team":{"id":16,"abbreviation":"MIA","city":"Miami","conference":"East","division":"Southeast","full_name":"Miami Heat","name":"Heat"},"home_team_score":125,"period":4,"postseason":false,"season":2021,"status":"Final","time":"","visitor_team":{"id":1,"abbreviation":"ATL","city":"Atlanta","conference":"East","division":"Southeast","full_name":"Atlanta Hawks","name":"Hawks"},"visitor_team_score":99},{"id":459132,"date":"2021-08-12T00:00:00.000Z","home_team":{"id":1,"abbreviation":"ATL","city":"Atlanta","conference":"East","division":"Southeast","full_name":"Atlanta Hawks","name":"Hawks"},"home_team_score":88,"period":5,"postseason":false,"season":2021,"status":"Final","time":"","visitor_team":{"id":23,"abbreviation":"PHI","city":"Philadelphia","conference":"East","division":"Atlantic","full_name":"Philadelphia 76ers","name":"76ers"},"visitor_team_score":96},{"id":473424,"date":"2021-10-21T00:00:00.000Z","home_team":{"id":1,"abbreviation":"ATL","city":"Atlanta","conference":"East","division":"Southeast","full_name":"Atlanta Hawks","name":"Hawks"},"home_team_score":113,"period":4,"postseason":false,"season":2021,"status":"Final","time":"","visitor_team":{"id":7,"abbreviation":"DAL","city":"Dallas","conference":"West","division":"Southwest","full_name":"Dallas Mavericks","name":"Mavericks"},"visitor_team_score":87},{"id":473652,"date":"2021-11-20T00:00:00.000Z","home_team":{"id":1,"abbreviation":"ATL","city":"Atlanta","conference":"East","division":"Southeast","full_name":"Atlanta Hawks","name":"Hawks"},"home_team_score":115,"period":4,"postseason":false,"season":2021,"status":"Final","time":"","visitor_team":{"id":4,"abbreviation":"CHA","city":"Charlotte","conference":"East","division":"Southeast","full_name":"Charlotte Hornets","name":"Hornets"},"visitor_team_score":105},{"id":473690,"date":"2021-11-26T00:00:00.000Z","home_team":{"id":15,"abbreviation":"MEM","city":"Memphis","conference":"West","division":"Southwest","full_name":"Memphis Grizzlies","name":"Grizzlies"},"home_team_score":100,"period":4,"postseason":false,"season":2021,"status":"Final","time":"","visitor_team":{"id":1,"abbreviation":"ATL","city":"Atlanta","conference":"East","division":"Southeast","full_name":"Atlanta Hawks","name":"Hawks"},"visitor_team_score":132},{"id":473685,"date":"2021-11-24T00:00:00.000Z","home_team":{"id":27,"abbreviation":"SAS","city":"San Antonio","conference":"West","division":"Southwest","full_name":"San Antonio Spurs","name":"Spurs"},"home_team_score":106,"period":4,"postseason":false,"season":2021,"status":"Final","time":"","visitor_team":{"id":1,"abbreviation":"ATL","city":"Atlanta","conference":"East","division":"Southeast","full_name":"Atlanta Hawks","name":"Hawks"},"visitor_team_score":124},{"id":473700,"date":"2021-11-27T00:00:00.000Z","home_team":{"id":1,"abbreviation":"ATL","city":"Atlanta","conference":"East","division":"Southeast","full_name":"Atlanta Hawks","name":"Hawks"},"home_team_score":90,"period":4,"postseason":false,"season":2021,"status":"Final","time":"","visitor_team":{"id":20,"abbreviation":"NYK","city":"New York","conference":"East","division":"Atlantic","full_name":"New York Knicks","name":"Knicks"},"visitor_team_score":99},{"id":473831,"date":"2021-12-15T00:00:00.000Z","home_team":{"id":22,"abbreviation":"ORL","city":"Orlando","conference":"East","division":"Southeast","full_name":"Orlando Magic","name":"Magic"},"home_team_score":99,"period":4,"postseason":false,"season":2021,"status":"Final","time":"","visitor_team":{"id":1,"abbreviation":"ATL","city":"Atlanta","conference":"East","division":"Southeast","full_name":"Atlanta Hawks","name":"Hawks"},"visitor_team_score":111},{"id":473555,"date":"2021-11-08T00:00:00.000Z","home_team":{"id":10,"abbreviation":"GSW","city":"Golden State","conference":"West","division":"Pacific","full_name":"Golden State Warriors","name":"Warriors"},"home_team_score":127,"period":4,"postseason":false,"season":2021,"status":"Final","time":"","visitor_team":{"id":1,"abbreviation":"ATL","city":"Atlanta","conference":"East","division":"Southeast","full_name":"Atlanta Hawks","name":"Hawks"},"visitor_team_score":113},{"id":473761,"date":"2021-12-06T00:00:00.000Z","home_team":{"id":18,"abbreviation":"MIN","city":"Minnesota","conference":"West","division":"Northwest","full_name":"Minnesota Timberwolves","name":"Timberwolves"},"home_team_score":110,"period":4,"postseason":false,"season":2021,"status":"Final","time":"","visitor_team":{"id":1,"abbreviation":"ATL","city":"Atlanta","conference":"East","division":"Southeast","full_name":"Atlanta Hawks","name":"Hawks"},"visitor_team_score":121},{"id":473516,"date":"2021-11-03T00:00:00.000Z","home_team":{"id":3,"abbreviation":"BKN","city":"Brooklyn","conference":"East","division":"Atlantic","full_name":"Brooklyn Nets","name":"Nets"},"home_team_score":117,"period":4,"postseason":false,"season":2021,"status":"Final","time":"","visitor_team":{"id":1,"abbreviation":"ATL","city":"Atlanta","conference":"East","division":"Southeast","full_name":"Atlanta Hawks","name":"Hawks"},"visitor_team_score":108},{"id":473473,"date":"2021-10-28T00:00:00.000Z","home_team":{"id":30,"abbreviation":"WAS","city":"Washington","conference":"East","division":"Southeast","full_name":"Washington Wizards","name":"Wizards"},"home_team_score":122,"period":4,"postseason":false,"season":2021,"status":"Final","time":"","visitor_team":{"id":1,"abbreviation":"ATL","city":"Atlanta","conference":"East","division":"Southeast","full_name":"Atlanta Hawks","name":"Hawks"},"visitor_team_score":111},{"id":473797,"date":"2021-12-10T00:00:00.000Z","home_team":{"id":1,"abbreviation":"ATL","city":"Atlanta","conference":"East","division":"Southeast","full_name":"Atlanta Hawks","name":"Hawks"},"home_team_score":105,"period":4,"postseason":false,"season":2021,"status":"Final","time":"","visitor_team":{"id":3,"abbreviation":"BKN","city":"Brooklyn","conference":"East","division":"Atlantic","full_name":"Brooklyn Nets","name":"Nets"},"visitor_team_score":113},{"id":473607,"date":"2021-11-15T00:00:00.000Z","home_team":{"id":1,"abbreviation":"ATL","city":"Atlanta","conference":"East","division":"Southeast","full_name":"Atlanta Hawks","name":"Hawks"},"home_team_score":129,"period":4,"postseason":false,"season":2021,"status":"Final","time":"","visitor_team":{"id":22,"abbreviation":"ORL","city":"Orlando","conference":"East","division":"Southeast","full_name":"Orlando Magic","name":"Magic"},"visitor_team_score":111},{"id":473985,"date":"2022-01-05T00:00:00.000Z","home_team":{"id":26,"abbreviation":"SAC","city":"Sacramento","conference":"West","division":"Pacific","full_name":"Sacramento Kings","name":"Kings"},"home_team_score":102,"period":4,"postseason":false,"season":2021,"status":"Final","time":"","visitor_team":{"id":1,"abbreviation":"ATL","city":"Atlanta","conference":"East","division":"Southeast","full_name":"Atlanta Hawks","name":"Hawks"},"visitor_team_score":108},{"id":474025,"date":"2022-01-12T00:00:00.000Z","home_team":{"id":1,"abbreviation":"ATL","city":"Atlanta","conference":"East","division":"Southeast","full_name":"Atlanta Hawks","name":"Hawks"},"home_team_score":91,"period":4,"postseason":false,"season":2021,"status":"Final","time":"","visitor_team":{"id":16,"abbreviation":"MIA","city":"Miami","conference":"East","division":"Southeast","full_name":"Miami Heat","name":"Heat"},"visitor_team_score":115},{"id":473857,"date":"2021-12-19T00:00:00.000Z","home_team":{"id":1,"abbreviation":"ATL","city":"Atlanta","conference":"East","division":"Southeast","full_name":"Atlanta Hawks","name":"Hawks"},"home_team_score":131,"period":4,"postseason":false,"season":2021,"status":"Final","time":"","visitor_team":{"id":6,"abbreviation":"CLE","city":"Cleveland","conference":"East","division":"Central","full_name":"Cleveland Cavaliers","name":"Cavaliers"},"visitor_team_score":107},{"id":473454,"date":"2021-10-25T00:00:00.000Z","home_team":{"id":1,"abbreviation":"ATL","city":"Atlanta","conference":"East","division":"Southeast","full_name":"Atlanta Hawks","name":"Hawks"},"home_team_score":122,"period":4,"postseason":false,"season":2021,"status":"Final","time":"","visitor_team":{"id":9,"abbreviation":"DET","city":"Detroit","conference":"East","division":"Central","full_name":"Detroit Pistons","name":"Pistons"},"visitor_team_score":104},{"id":473546,"date":"2021-11-06T00:00:00.000Z","home_team":{"id":24,"abbreviation":"PHX","city":"Phoenix","conference":"West","division":"Pacific","full_name":"Phoenix Suns","name":"Suns"},"home_team_score":121,"period":4,"postseason":false,"season":2021,"status":"Final","time":"","visitor_team":{"id":1,"abbreviation":"ATL","city":"Atlanta","conference":"East","division":"Southeast","full_name":"Atlanta Hawks","name":"Hawks"},"visitor_team_score":117},{"id":473663,"date":"2021-11-22T00:00:00.000Z","home_team":{"id":1,"abbreviation":"ATL","city":"Atlanta","conference":"East","division":"Southeast","full_name":"Atlanta Hawks","name":"Hawks"},"home_team_score":113,"period":4,"postseason":false,"season":2021,"status":"Final","time":"","visitor_team":{"id":21,"abbreviation":"OKC","city":"Oklahoma City","conference":"West","division":"Northwest","full_name":"Oklahoma City Thunder","name":"Thunder"},"visitor_team_score":101},{"id":474145,"date":"2022-01-28T00:00:00.000Z","home_team":{"id":1,"abbreviation":"ATL","city":"Atlanta","conference":"East","division":"Southeast","full_name":"Atlanta Hawks","name":"Hawks"},"home_team_score":108,"period":4,"postseason":false,"season":2021,"status":"Final","time":"","visitor_team":{"id":2,"abbreviation":"BOS","city":"Boston","conference":"East","division":"Atlantic","full_name":"Boston Celtics","name":"Celtics"},"visitor_team_score":92},{"id":474178,"date":"2022-02-01T00:00:00.000Z","home_team":{"id":1,"abbreviation":"ATL","city":"Atlanta","conference":"East","division":"Southeast","full_name":"Atlanta Hawks","name":"Hawks"},"home_team_score":100,"period":4,"postseason":false,"season":2021,"status":"Final","time":"","visitor_team":{"id":28,"abbreviation":"TOR","city":"Toronto","conference":"East","division":"Atlantic","full_name":"Toronto Raptors","name":"Raptors"},"visitor_team_score":106},{"id":473505,"date":"2021-11-01T00:00:00.000Z","home_team":{"id":1,"abbreviation":"ATL","city":"Atlanta","conference":"East","division":"Southeast","full_name":"Atlanta Hawks","name":"Hawks"},"home_team_score":118,"period":4,"postseason":false,"season":2021,"status":"Final","time":"","visitor_team":{"id":30,"abbreviation":"WAS","city":"Washington","conference":"East","division":"Southeast","full_name":"Washington Wizards","name":"Wizards"},"visitor_team_score":111},{"id":473744,"date":"2021-12-03T00:00:00.000Z","home_team":{"id":1,"abbreviation":"ATL","city":"Atlanta","conference":"East","division":"Southeast","full_name":"Atlanta Hawks","name":"Hawks"},"home_team_score":96,"period":4,"postseason":false,"season":2021,"status":"Final","time":"","visitor_team":{"id":23,"abbreviation":"PHI","city":"Philadelphia","conference":"East","division":"Atlantic","full_name":"Philadelphia 76ers","name":"76ers"},"visitor_team_score":98},{"id":473928,"date":"2021-12-29T00:00:00.000Z","home_team":{"id":5,"abbreviation":"CHI","city":"Chicago","conference":"East","division":"Central","full_name":"Chicago Bulls","name":"Bulls"},"home_team_score":131,"period":4,"postseason":false,"season":2021,"status":"Final","time":"","visitor_team":{"id":1,"abbreviation":"ATL","city":"Atlanta","conference":"East","division":"Southeast","full_name":"Atlanta Hawks","name":"Hawks"},"visitor_team_score":117},{"id":473439,"date":"2021-10-23T00:00:00.000Z","home_team":{"id":6,"abbreviation":"CLE","city":"Cleveland","conference":"East","division":"Central","full_name":"Cleveland Cavaliers","name":"Cavaliers"},"home_team_score":101,"period":4,"postseason":false,"season":2021,"status":"Final","time":"","visitor_team":{"id":1,"abbreviation":"ATL","city":"Atlanta","conference":"East","division":"Southeast","full_name":"Atlanta Hawks","name":"Hawks"},"visitor_team_score":95},{"id":474224,"date":"2022-02-08T00:00:00.000Z","home_team":{"id":1,"abbreviation":"ATL","city":"Atlanta","conference":"East","division":"Southeast","full_name":"Atlanta Hawks","name":"Hawks"},"home_team_score":133,"period":4,"postseason":false,"season":2021,"status":"Final","time":"","visitor_team":{"id":12,"abbreviation":"IND","city":"Indiana","conference":"East","division":"Central","full_name":"Indiana Pacers","name":"Pacers"},"visitor_team_score":112},{"id":474408,"date":"2022-03-11T00:00:00.000Z","home_team":{"id":1,"abbreviation":"ATL","city":"Atlanta","conference":"East","division":"Southeast","full_name":"Atlanta Hawks","name":"Hawks"},"home_team_score":112,"period":4,"postseason":false,"season":2021,"status":"Final","time":"","visitor_team":{"id":13,"abbreviation":"LAC","city":"LA","conference":"West","division":"Pacific","full_name":"LA Clippers","name":"Clippers"},"visitor_team_score":106},{"id":474458,"date":"2022-03-18T00:00:00.000Z","home_team":{"id":1,"abbreviation":"ATL","city":"Atlanta","conference":"East","division":"Southeast","full_name":"Atlanta Hawks","name":"Hawks"},"home_team_score":120,"period":4,"postseason":false,"season":2021,"status":"Final","time":"","visitor_team":{"id":15,"abbreviation":"MEM","city":"Memphis","conference":"West","division":"Southwest","full_name":"Memphis Grizzlies","name":"Grizzlies"},"visitor_team_score":105},{"id":473495,"date":"2021-10-30T00:00:00.000Z","home_team":{"id":23,"abbreviation":"PHI","city":"Philadelphia","conference":"East","division":"Atlantic","full_name":"Philadelphia 76ers","name":"76ers"},"home_team_score":122,"period":4,"postseason":false,"season":2021,"status":"Final","time":"","visitor_team":{"id":1,"abbreviation":"ATL","city":"Atlanta","conference":"East","division":"Southeast","full_name":"Atlanta Hawks","name":"Hawks"},"visitor_team_score":94},{"id":473968,"date":"2022-01-03T00:00:00.000Z","home_team":{"id":25,"abbreviation":"POR","city":"Portland","conference":"West","division":"Northwest","full_name":"Portland Trail Blazers","name":"Trail Blazers"},"home_team_score":136,"period":4,"postseason":false,"season":2021,"status":"Final","time":"","visitor_team":{"id":1,"abbreviation":"ATL","city":"Atlanta","conference":"East","division":"Southeast","full_name":"Atlanta Hawks","name":"Hawks"},"visitor_team_score":131},{"id":473463,"date":"2021-10-27T00:00:00.000Z","home_team":{"id":19,"abbreviation":"NOP","city":"New Orleans","conference":"West","division":"Southwest","full_name":"New Orleans Pelicans","name":"Pelicans"},"home_team_score":99,"period":4,"postseason":false,"season":2021,"status":"Final","time":"","visitor_team":{"id":1,"abbreviation":"ATL","city":"Atlanta","conference":"East","division":"Southeast","full_name":"Atlanta Hawks","name":"Hawks"},"visitor_team_score":102},{"id":473528,"date":"2021-11-04T00:00:00.000Z","home_team":{"id":1,"abbreviation":"ATL","city":"Atlanta","conference":"East","division":"Southeast","full_name":"Atlanta Hawks","name":"Hawks"},"home_team_score":98,"period":4,"postseason":false,"season":2021,"status":"Final","time":"","visitor_team":{"id":29,"abbreviation":"UTA","city":"Utah","conference":"West","division":"Northwest","full_name":"Utah Jazz","name":"Jazz"},"visitor_team_score":116},{"id":474054,"date":"2022-01-15T00:00:00.000Z","home_team":{"id":1,"abbreviation":"ATL","city":"Atlanta","conference":"East","division":"Southeast","full_name":"Atlanta Hawks","name":"Hawks"},"home_team_score":108,"period":4,"postseason":false,"season":2021,"status":"Final","time":"","visitor_team":{"id":20,"abbreviation":"NYK","city":"New York","conference":"East","division":"Atlantic","full_name":"New York Knicks","name":"Knicks"},"visitor_team_score":117},{"id":474083,"date":"2022-01-19T00:00:00.000Z","home_team":{"id":1,"abbreviation":"ATL","city":"Atlanta","conference":"East","division":"Southeast","full_name":"Atlanta Hawks","name":"Hawks"},"home_team_score":134,"period":4,"postseason":false,"season":2021,"status":"Final","time":"","visitor_team":{"id":18,"abbreviation":"MIN","city":"Minnesota","conference":"West","division":"Northwest","full_name":"Minnesota Timberwolves","name":"Timberwolves"},"visitor_team_score":122},{"id":474165,"date":"2022-01-30T00:00:00.000Z","home_team":{"id":1,"abbreviation":"ATL","city":"Atlanta","conference":"East","division":"Southeast","full_name":"Atlanta Hawks","name":"Hawks"},"home_team_score":129,"period":4,"postseason":false,"season":2021,"status":"Final","time":"","visitor_team":{"id":14,"abbreviation":"LAL","city":"Los Angeles","conference":"West","division":"Pacific","full_name":"Los Angeles Lakers","name":"Lakers"},"visitor_team_score":121},{"id":474573,"date":"2022-04-02T00:00:00.000Z","home_team":{"id":1,"abbreviation":"ATL","city":"Atlanta","conference":"East","division":"Southeast","full_name":"Atlanta Hawks","name":"Hawks"},"home_team_score":122,"period":4,"postseason":false,"season":2021,"status":"Final","time":"","visitor_team":{"id":3,"abbreviation":"BKN","city":"Brooklyn","conference":"East","division":"Atlantic","full_name":"Brooklyn Nets","name":"Nets"},"visitor_team_score":115},{"id":473564,"date":"2021-11-09T00:00:00.000Z","home_team":{"id":29,"abbreviation":"UTA","city":"Utah","conference":"West","division":"Northwest","full_name":"Utah Jazz","name":"Jazz"},"home_team_score":110,"period":4,"postseason":false,"season":2021,"status":"Final","time":"","visitor_team":{"id":1,"abbreviation":"ATL","city":"Atlanta","conference":"East","division":"Southeast","full_name":"Atlanta Hawks","name":"Hawks"},"visitor_team_score":98},{"id":473589,"date":"2021-11-12T00:00:00.000Z","home_team":{"id":8,"abbreviation":"DEN","city":"Denver","conference":"West","division":"Northwest","full_name":"Denver Nuggets","name":"Nuggets"},"home_team_score":105,"period":4,"postseason":false,"season":2021,"status":"Final","time":"","visitor_team":{"id":1,"abbreviation":"ATL","city":"Atlanta","conference":"East","division":"Southeast","full_name":"Atlanta Hawks","name":"Hawks"},"visitor_team_score":96},{"id":473729,"date":"2021-12-01T00:00:00.000Z","home_team":{"id":12,"abbreviation":"IND","city":"Indiana","conference":"East","division":"Central","full_name":"Indiana Pacers","name":"Pacers"},"home_team_score":111,"period":4,"postseason":false,"season":2021,"status":"Final","time":"","visitor_team":{"id":1,"abbreviation":"ATL","city":"Atlanta","conference":"East","division":"Southeast","full_name":"Atlanta Hawks","name":"Hawks"},"visitor_team_score":114},{"id":473843,"date":"2021-12-17T00:00:00.000Z","home_team":{"id":1,"abbreviation":"ATL","city":"Atlanta","conference":"East","division":"Southeast","full_name":"Atlanta Hawks","name":"Hawks"},"home_team_score":115,"period":4,"postseason":false,"season":2021,"status":"Final","time":"","visitor_team":{"id":8,"abbreviation":"DEN","city":"Denver","conference":"West","division":"Northwest","full_name":"Denver Nuggets","name":"Nuggets"},"visitor_team_score":133},{"id":473878,"date":"2021-12-22T00:00:00.000Z","home_team":{"id":1,"abbreviation":"ATL","city":"Atlanta","conference":"East","division":"Southeast","full_name":"Atlanta Hawks","name":"Hawks"},"home_team_score":98,"period":4,"postseason":false,"season":2021,"status":"Final","time":"","visitor_team":{"id":22,"abbreviation":"ORL","city":"Orlando","conference":"East","division":"Southeast","full_name":"Orlando Magic","name":"Magic"},"visitor_team_score":104},{"id":473603,"date":"2021-11-14T00:00:00.000Z","home_team":{"id":1,"abbreviation":"ATL","city":"Atlanta","conference":"East","division":"Southeast","full_name":"Atlanta Hawks","name":"Hawks"},"home_team_score":120,"period":4,"postseason":false,"season":2021,"status":"Final","time":"","visitor_team":{"id":17,"abbreviation":"MIL","city":"Milwaukee","conference":"East","division":"Central","full_name":"Milwaukee Bucks","name":"Bucks"},"visitor_team_score":100},{"id":474121,"date":"2022-01-24T00:00:00.000Z","home_team":{"id":1,"abbreviation":"ATL","city":"Atlanta","conference":"East","division":"Southeast","full_name":"Atlanta Hawks","name":"Hawks"},"home_team_score":130,"period":4,"postseason":false,"season":2021,"status":"Final","time":"","visitor_team":{"id":5,"abbreviation":"CHI","city":"Chicago","conference":"East","division":"Central","full_name":"Chicago Bulls","name":"Bulls"},"visitor_team_score":124},{"id":473621,"date":"2021-11-17T00:00:00.000Z","home_team":{"id":1,"abbreviation":"ATL","city":"Atlanta","conference":"East","division":"Southeast","full_name":"Atlanta Hawks","name":"Hawks"},"home_team_score":110,"period":4,"postseason":false,"season":2021,"status":"Final","time":"","visitor_team":{"id":2,"abbreviation":"BOS","city":"Boston","conference":"East","division":"Atlantic","full_name":"Boston Celtics","name":"Celtics"},"visitor_team_score":99},{"id":474096,"date":"2022-01-21T00:00:00.000Z","home_team":{"id":1,"abbreviation":"ATL","city":"Atlanta","conference":"East","division":"Southeast","full_name":"Atlanta Hawks","name":"Hawks"},"home_team_score":110,"period":4,"postseason":false,"season":2021,"status":"Final","time":"","visitor_team":{"id":16,"abbreviation":"MIA","city":"Miami","conference":"East","division":"Southeast","full_name":"Miami Heat","name":"Heat"},"visitor_team_score":108},{"id":474201,"date":"2022-02-04T00:00:00.000Z","home_team":{"id":28,"abbreviation":"TOR","city":"Toronto","conference":"East","division":"Atlantic","full_name":"Toronto Raptors","name":"Raptors"},"home_team_score":125,"period":4,"postseason":false,"season":2021,"status":"Final","time":"","visitor_team":{"id":1,"abbreviation":"ATL","city":"Atlanta","conference":"East","division":"Southeast","full_name":"Atlanta Hawks","name":"Hawks"},"visitor_team_score":114},{"id":474358,"date":"2022-03-04T00:00:00.000Z","home_team":{"id":30,"abbreviation":"WAS","city":"Washington","conference":"East","division":"Southeast","full_name":"Washington Wizards","name":"Wizards"},"home_team_score":114,"period":4,"postseason":false,"season":2021,"status":"Final","time":"","visitor_team":{"id":1,"abbreviation":"ATL","city":"Atlanta","conference":"East","division":"Southeast","full_name":"Atlanta Hawks","name":"Hawks"},"visitor_team_score":117},{"id":473759,"date":"2021-12-05T00:00:00.000Z","home_team":{"id":1,"abbreviation":"ATL","city":"Atlanta","conference":"East","division":"Southeast","full_name":"Atlanta Hawks","name":"Hawks"},"home_team_score":127,"period":4,"postseason":false,"season":2021,"status":"Final","time":"","visitor_team":{"id":4,"abbreviation":"CHA","city":"Charlotte","conference":"East","division":"Southeast","full_name":"Charlotte Hornets","name":"Hornets"},"visitor_team_score":130},{"id":473820,"date":"2021-12-13T00:00:00.000Z","home_team":{"id":1,"abbreviation":"ATL","city":"Atlanta","conference":"East","division":"Southeast","full_name":"Atlanta Hawks","name":"Hawks"},"home_team_score":126,"period":4,"postseason":false,"season":2021,"status":"Final","time":"","visitor_team":{"id":11,"abbreviation":"HOU","city":"Houston","conference":"West","division":"Southwest","full_name":"Houston Rockets","name":"Rockets"},"visitor_team_score":132},{"id":474068,"date":"2022-01-17T00:00:00.000Z","home_team":{"id":1,"abbreviation":"ATL","city":"Atlanta","conference":"East","division":"Southeast","full_name":"Atlanta Hawks","name":"Hawks"},"home_team_score":121,"period":4,"postseason":false,"season":2021,"status":"Final","time":"","visitor_team":{"id":17,"abbreviation":"MIL","city":"Milwaukee","conference":"East","division":"Central","full_name":"Milwaukee Bucks","name":"Bucks"},"visitor_team_score":114},{"id":474511,"date":"2022-03-25T00:00:00.000Z","home_team":{"id":1,"abbreviation":"ATL","city":"Atlanta","conference":"East","division":"Southeast","full_name":"Atlanta Hawks","name":"Hawks"},"home_team_score":121,"period":4,"postseason":false,"season":2021,"status":"Final","time":"","visitor_team":{"id":10,"abbreviation":"GSW","city":"Golden State","conference":"West","division":"Pacific","full_name":"Golden State Warriors","name":"Warriors"},"visitor_team_score":110},{"id":474551,"date":"2022-03-30T00:00:00.000Z","home_team":{"id":21,"abbreviation":"OKC","city":"Oklahoma City","conference":"West","division":"Northwest","full_name":"Oklahoma City Thunder","name":"Thunder"},"home_team_score":118,"period":4,"postseason":false,"season":2021,"status":"Final","time":"","visitor_team":{"id":1,"abbreviation":"ATL","city":"Atlanta","conference":"East","division":"Southeast","full_name":"Atlanta Hawks","name":"Hawks"},"visitor_team_score":136},{"id":473899,"date":"2021-12-25T00:00:00.000Z","home_team":{"id":20,"abbreviation":"NYK","city":"New York","conference":"East","division":"Atlantic","full_name":"New York Knicks","name":"Knicks"},"home_team_score":101,"period":4,"postseason":false,"season":2021,"status":"Final","time":"","visitor_team":{"id":1,"abbreviation":"ATL","city":"Atlanta","conference":"East","division":"Southeast","full_name":"Atlanta Hawks","name":"Hawks"},"visitor_team_score":87},{"id":463448,"date":"2021-08-14T00:00:00.000Z","home_team":{"id":16,"abbreviation":"MIA","city":"Miami","conference":"East","division":"Southeast","full_name":"Miami Heat","name":"Heat"},"home_team_score":90,"period":4,"postseason":false,"season":2021,"status":"Final","time":"","visitor_team":{"id":1,"abbreviation":"ATL","city":"Atlanta","conference":"East","division":"Southeast","full_name":"Atlanta Hawks","name":"Hawks"},"visitor_team_score":94},{"id":474009,"date":"2022-01-09T00:00:00.000Z","home_team":{"id":13,"abbreviation":"LAC","city":"LA","conference":"West","division":"Pacific","full_name":"LA Clippers","name":"Clippers"},"home_team_score":106,"period":4,"postseason":false,"season":2021,"status":"Final","time":"","visitor_team":{"id":1,"abbreviation":"ATL","city":"Atlanta","conference":"East","division":"Southeast","full_name":"Atlanta Hawks","name":"Hawks"},"visitor_team_score":93},{"id":474110,"date":"2022-01-23T00:00:00.000Z","home_team":{"id":4,"abbreviation":"CHA","city":"Charlotte","conference":"East","division":"Southeast","full_name":"Charlotte Hornets","name":"Hornets"},"home_team_score":91,"period":4,"postseason":false,"season":2021,"status":"Final","time":"","visitor_team":{"id":1,"abbreviation":"ATL","city":"Atlanta","conference":"East","division":"Southeast","full_name":"Atlanta Hawks","name":"Hawks"},"visitor_team_score":113},{"id":474132,"date":"2022-01-26T00:00:00.000Z","home_team":{"id":1,"abbreviation":"ATL","city":"Atlanta","conference":"East","division":"Southeast","full_name":"Atlanta Hawks","name":"Hawks"},"home_team_score":121,"period":4,"postseason":false,"season":2021,"status":"Final","time":"","visitor_team":{"id":26,"abbreviation":"SAC","city":"Sacramento","conference":"West","division":"Pacific","full_name":"Sacramento Kings","name":"Kings"},"visitor_team_score":104},{"id":474252,"date":"2022-02-11T00:00:00.000Z","home_team":{"id":1,"abbreviation":"ATL","city":"Atlanta","conference":"East","division":"Southeast","full_name":"Atlanta Hawks","name":"Hawks"},"home_team_score":121,"period":4,"postseason":false,"season":2021,"status":"Final","time":"","visitor_team":{"id":27,"abbreviation":"SAS","city":"San Antonio","conference":"West","division":"Southwest","full_name":"San Antonio Spurs","name":"Spurs"},"visitor_team_score":136},{"id":474287,"date":"2022-02-16T00:00:00.000Z","home_team":{"id":22,"abbreviation":"ORL","city":"Orlando","conference":"East","division":"Southeast","full_name":"Orlando Magic","name":"Magic"},"home_team_score":109,"period":4,"postseason":false,"season":2021,"status":"Final","time":"","visitor_team":{"id":1,"abbreviation":"ATL","city":"Atlanta","conference":"East","division":"Southeast","full_name":"Atlanta Hawks","name":"Hawks"},"visitor_team_score":130},{"id":474336,"date":"2022-03-01T00:00:00.000Z","home_team":{"id":2,"abbreviation":"BOS","city":"Boston","conference":"East","division":"Atlantic","full_name":"Boston Celtics","name":"Celtics"},"home_team_score":107,"period":4,"postseason":false,"season":2021,"status":"Final","time":"","visitor_team":{"id":1,"abbreviation":"ATL","city":"Atlanta","conference":"East","division":"Southeast","full_name":"Atlanta Hawks","name":"Hawks"},"visitor_team_score":98},{"id":474434,"date":"2022-03-14T00:00:00.000Z","home_team":{"id":1,"abbreviation":"ATL","city":"Atlanta","conference":"East","division":"Southeast","full_name":"Atlanta Hawks","name":"Hawks"},"home_team_score":122,"period":4,"postseason":false,"season":2021,"status":"Final","time":"","visitor_team":{"id":25,"abbreviation":"POR","city":"Portland","conference":"West","division":"Northwest","full_name":"Portland Trail Blazers","name":"Trail Blazers"},"visitor_team_score":113},{"id":474603,"date":"2022-04-06T00:00:00.000Z","home_team":{"id":1,"abbreviation":"ATL","city":"Atlanta","conference":"East","division":"Southeast","full_name":"Atlanta Hawks","name":"Hawks"},"home_team_score":74,"period":4,"postseason":false,"season":2021,"status":"Final","time":"","visitor_team":{"id":30,"abbreviation":"WAS","city":"Washington","conference":"East","division":"Southeast","full_name":"Washington Wizards","name":"Wizards"},"visitor_team_score":103},{"id":473886,"date":"2021-12-23T00:00:00.000Z","home_team":{"id":23,"abbreviation":"PHI","city":"Philadelphia","conference":"East","division":"Atlantic","full_name":"Philadelphia 76ers","name":"76ers"},"home_team_score":96,"period":4,"postseason":false,"season":2021,"status":"Final","time":"","visitor_team":{"id":1,"abbreviation":"ATL","city":"Atlanta","conference":"East","division":"Southeast","full_name":"Atlanta Hawks","name":"Hawks"},"visitor_team_score":98},{"id":473937,"date":"2021-12-31T00:00:00.000Z","home_team":{"id":6,"abbreviation":"CLE","city":"Cleveland","conference":"East","division":"Central","full_name":"Cleveland Cavaliers","name":"Cavaliers"},"home_team_score":118,"period":4,"postseason":false,"season":2021,"status":"Final","time":"","visitor_team":{"id":1,"abbreviation":"ATL","city":"Atlanta","conference":"East","division":"Southeast","full_name":"Atlanta Hawks","name":"Hawks"},"visitor_team_score":121},{"id":474042,"date":"2022-01-14T00:00:00.000Z","home_team":{"id":16,"abbreviation":"MIA","city":"Miami","conference":"East","division":"Southeast","full_name":"Miami Heat","name":"Heat"},"home_team_score":124,"period":4,"postseason":false,"season":2021,"status":"Final","time":"","visitor_team":{"id":1,"abbreviation":"ATL","city":"Atlanta","conference":"East","division":"Southeast","full_name":"Atlanta Hawks","name":"Hawks"},"visitor_team_score":118},{"id":474214,"date":"2022-02-06T00:00:00.000Z","home_team":{"id":7,"abbreviation":"DAL","city":"Dallas","conference":"West","division":"Southwest","full_name":"Dallas Mavericks","name":"Mavericks"},"home_team_score":103,"period":4,"postseason":false,"season":2021,"status":"Final","time":"","visitor_team":{"id":1,"abbreviation":"ATL","city":"Atlanta","conference":"East","division":"Southeast","full_name":"Atlanta Hawks","name":"Hawks"},"visitor_team_score":94},{"id":474389,"date":"2022-03-09T00:00:00.000Z","home_team":{"id":17,"abbreviation":"MIL","city":"Milwaukee","conference":"East","division":"Central","full_name":"Milwaukee Bucks","name":"Bucks"},"home_team_score":124,"period":4,"postseason":false,"season":2021,"status":"Final","time":"","visitor_team":{"id":1,"abbreviation":"ATL","city":"Atlanta","conference":"East","division":"Southeast","full_name":"Atlanta Hawks","name":"Hawks"},"visitor_team_score":115},{"id":474492,"date":"2022-03-23T00:00:00.000Z","home_team":{"id":9,"abbreviation":"DET","city":"Detroit","conference":"East","division":"Central","full_name":"Detroit Pistons","name":"Pistons"},"home_team_score":122,"period":4,"postseason":false,"season":2021,"status":"Final","time":"","visitor_team":{"id":1,"abbreviation":"ATL","city":"Atlanta","conference":"East","division":"Southeast","full_name":"Atlanta Hawks","name":"Hawks"},"visitor_team_score":101},{"id":474589,"date":"2022-04-05T00:00:00.000Z","home_team":{"id":28,"abbreviation":"TOR","city":"Toronto","conference":"East","division":"Atlantic","full_name":"Toronto Raptors","name":"Raptors"},"home_team_score":118,"period":4,"postseason":false,"season":2021,"status":"Final","time":"","visitor_team":{"id":1,"abbreviation":"ATL","city":"Atlanta","conference":"East","division":"Southeast","full_name":"Atlanta Hawks","name":"Hawks"},"visitor_team_score":108},{"id":473909,"date":"2021-12-27T00:00:00.000Z","home_team":{"id":1,"abbreviation":"ATL","city":"Atlanta","conference":"East","division":"Southeast","full_name":"Atlanta Hawks","name":"Hawks"},"home_team_score":118,"period":4,"postseason":false,"season":2021,"status":"Final","time":"","visitor_team":{"id":5,"abbreviation":"CHI","city":"Chicago","conference":"East","division":"Central","full_name":"Chicago Bulls","name":"Bulls"},"visitor_team_score":130},{"id":474298,"date":"2022-02-24T00:00:00.000Z","home_team":{"id":5,"abbreviation":"CHI","city":"Chicago","conference":"East","division":"Central","full_name":"Chicago Bulls","name":"Bulls"},"home_team_score":112,"period":4,"postseason":false,"season":2021,"status":"Final","time":"","visitor_team":{"id":1,"abbreviation":"ATL","city":"Atlanta","conference":"East","division":"Southeast","full_name":"Atlanta Hawks","name":"Hawks"},"visitor_team_score":108},{"id":474313,"date":"2022-02-26T00:00:00.000Z","home_team":{"id":1,"abbreviation":"ATL","city":"Atlanta","conference":"East","division":"Southeast","full_name":"Atlanta Hawks","name":"Hawks"},"home_team_score":127,"period":4,"postseason":false,"season":2021,"status":"Final","time":"","visitor_team":{"id":28,"abbreviation":"TOR","city":"Toronto","conference":"East","division":"Atlantic","full_name":"Toronto Raptors","name":"Raptors"},"visitor_team_score":100},{"id":474489,"date":"2022-03-22T00:00:00.000Z","home_team":{"id":20,"abbreviation":"NYK","city":"New York","conference":"East","division":"Atlantic","full_name":"New York Knicks","name":"Knicks"},"home_team_score":111,"period":4,"postseason":false,"season":2021,"status":"Final","time":"","visitor_team":{"id":1,"abbreviation":"ATL","city":"Atlanta","conference":"East","division":"Southeast","full_name":"Atlanta Hawks","name":"Hawks"},"visitor_team_score":117},{"id":474420,"date":"2022-03-13T00:00:00.000Z","home_team":{"id":1,"abbreviation":"ATL","city":"Atlanta","conference":"East","division":"Southeast","full_name":"Atlanta Hawks","name":"Hawks"},"home_team_score":131,"period":4,"postseason":false,"season":2021,"status":"Final","time":"","visitor_team":{"id":12,"abbreviation":"IND","city":"Indiana","conference":"East","division":"Central","full_name":"Indiana Pacers","name":"Pacers"},"visitor_team_score":128},{"id":474470,"date":"2022-03-20T00:00:00.000Z","home_team":{"id":1,"abbreviation":"ATL","city":"Atlanta","conference":"East","division":"Southeast","full_name":"Atlanta Hawks","name":"Hawks"},"home_team_score":112,"period":4,"postseason":false,"season":2021,"status":"Final","time":"","visitor_team":{"id":19,"abbreviation":"NOP","city":"New Orleans","conference":"West","division":"Southwest","full_name":"New Orleans Pelicans","name":"Pelicans"},"visitor_team_score":117},{"id":474530,"date":"2022-03-28T00:00:00.000Z","home_team":{"id":12,"abbreviation":"IND","city":"Indiana","conference":"East","division":"Central","full_name":"Indiana Pacers","name":"Pacers"},"home_team_score":123,"period":4,"postseason":false,"season":2021,"status":"Final","time":"","visitor_team":{"id":1,"abbreviation":"ATL","city":"Atlanta","conference":"East","division":"Southeast","full_name":"Atlanta Hawks","name":"Hawks"},"visitor_team_score":132},{"id":474275,"date":"2022-02-15T00:00:00.000Z","home_team":{"id":1,"abbreviation":"ATL","city":"Atlanta","conference":"East","division":"Southeast","full_name":"Atlanta Hawks","name":"Hawks"},"home_team_score":124,"period":4,"postseason":false,"season":2021,"status":"Final","time":"","visitor_team":{"id":6,"abbreviation":"CLE","city":"Cleveland","conference":"East","division":"Central","full_name":"Cleveland Cavaliers","name":"Cavaliers"},"visitor_team_score":116},{"id":474190,"date":"2022-02-03T00:00:00.000Z","home_team":{"id":1,"abbreviation":"ATL","city":"Atlanta","conference":"East","division":"Southeast","full_name":"Atlanta Hawks","name":"Hawks"},"home_team_score":124,"period":4,"postseason":false,"season":2021,"status":"Final","time":"","visitor_team":{"id":24,"abbreviation":"PHX","city":"Phoenix","conference":"West","division":"Pacific","full_name":"Phoenix Suns","name":"Suns"},"visitor_team_score":115},{"id":474376,"date":"2022-03-07T00:00:00.000Z","home_team":{"id":9,"abbreviation":"DET","city":"Detroit","conference":"East","division":"Central","full_name":"Detroit Pistons","name":"Pistons"},"home_team_score":113,"period":5,"postseason":false,"season":2021,"status":"Final","time":"","visitor_team":{"id":1,"abbreviation":"ATL","city":"Atlanta","conference":"East","division":"Southeast","full_name":"Atlanta Hawks","name":"Hawks"},"visitor_team_score":110},{"id":474444,"date":"2022-03-16T00:00:00.000Z","home_team":{"id":4,"abbreviation":"CHA","city":"Charlotte","conference":"East","division":"Southeast","full_name":"Charlotte Hornets","name":"Hornets"},"home_team_score":116,"period":4,"postseason":false,"season":2021,"status":"Final","time":"","visitor_team":{"id":1,"abbreviation":"ATL","city":"Atlanta","conference":"East","division":"Southeast","full_name":"Atlanta Hawks","name":"Hawks"},"visitor_team_score":106},{"id":467897,"date":"2021-08-16T00:00:00.000Z","home_team":{"id":20,"abbreviation":"NYK","city":"New York","conference":"East","division":"Atlantic","full_name":"New York Knicks","name":"Knicks"},"home_team_score":104,"period":4,"postseason":false,"season":2021,"status":"Final","time":"","visitor_team":{"id":1,"abbreviation":"ATL","city":"Atlanta","conference":"East","division":"Southeast","full_name":"Atlanta Hawks","name":"Hawks"},"visitor_team_score":85},{"id":451506,"date":"2021-08-08T00:00:00.000Z","home_team":{"id":1,"abbreviation":"ATL","city":"Atlanta","conference":"East","division":"Southeast","full_name":"Atlanta Hawks","name":"Hawks"},"home_team_score":83,"period":4,"postseason":false,"season":2021,"status":"Final","time":"","visitor_team":{"id":2,"abbreviation":"BOS","city":"Boston","conference":"East","division":"Atlantic","full_name":"Boston Celtics","name":"Celtics"},"visitor_team_score":85},{"id":474264,"date":"2022-02-13T00:00:00.000Z","home_team":{"id":2,"abbreviation":"BOS","city":"Boston","conference":"East","division":"Atlantic","full_name":"Boston Celtics","name":"Celtics"},"home_team_score":105,"period":4,"postseason":false,"season":2021,"status":"Final","time":"","visitor_team":{"id":1,"abbreviation":"ATL","city":"Atlanta","conference":"East","division":"Southeast","full_name":"Atlanta Hawks","name":"Hawks"},"visitor_team_score":95},{"id":473997,"date":"2022-01-07T00:00:00.000Z","home_team":{"id":14,"abbreviation":"LAL","city":"Los Angeles","conference":"West","division":"Pacific","full_name":"Los Angeles Lakers","name":"Lakers"},"home_team_score":134,"period":4,"postseason":false,"season":2021,"status":"Final","time":"","visitor_team":{"id":1,"abbreviation":"ATL","city":"Atlanta","conference":"East","division":"Southeast","full_name":"Atlanta Hawks","name":"Hawks"},"visitor_team_score":118},{"id":841601,"date":"2022-04-26T00:00:00.000Z","home_team":{"id":16,"abbreviation":"MIA","city":"Miami","conference":"East","division":"Southeast","full_name":"Miami Heat","name":"Heat"},"home_team_score":83,"period":4,"postseason":true,"season":2021,"status":"Final","time":"","visitor_team":{"id":1,"abbreviation":"ATL","city":"Atlanta","conference":"East","division":"Southeast","full_name":"Atlanta Hawks","name":"Hawks"},"visitor_team_score":92},{"id":474615,"date":"2022-04-08T00:00:00.000Z","home_team":{"id":16,"abbreviation":"MIA","city":"Miami","conference":"East","division":"Southeast","full_name":"Miami Heat","name":"Heat"},"home_team_score":113,"period":4,"postseason":false,"season":2021,"status":"Final","time":"","visitor_team":{"id":1,"abbreviation":"ATL","city":"Atlanta","conference":"East","division":"Southeast","full_name":"Atlanta Hawks","name":"Hawks"},"visitor_team_score":109},{"id":831662,"date":"2022-04-15T00:00:00.000Z","home_team":{"id":6,"abbreviation":"CLE","city":"Cleveland","conference":"East","division":"Central","full_name":"Cleveland Cavaliers","name":"Cavaliers"},"home_team_score":101,"period":4,"postseason":true,"season":2021,"status":"Final","time":"","visitor_team":{"id":1,"abbreviation":"ATL","city":"Atlanta","conference":"East","division":"Southeast","full_name":"Atlanta Hawks","name":"Hawks"},"visitor_team_score":107},{"id":834976,"date":"2022-04-19T00:00:00.000Z","home_team":{"id":16,"abbreviation":"MIA","city":"Miami","conference":"East","division":"Southeast","full_name":"Miami Heat","name":"Heat"},"home_team_score":86,"period":4,"postseason":true,"season":2021,"status":"Final","time":"","visitor_team":{"id":1,"abbreviation":"ATL","city":"Atlanta","conference":"East","division":"Southeast","full_name":"Atlanta Hawks","name":"Hawks"},"visitor_team_score":76},{"id":830800,"date":"2022-04-13T00:00:00.000Z","home_team":{"id":1,"abbreviation":"ATL","city":"Atlanta","conference":"East","division":"Southeast","full_name":"Atlanta Hawks","name":"Hawks"},"home_team_score":132,"period":4,"postseason":true,"season":2021,"status":"Final","time":"","visitor_team":{"id":4,"abbreviation":"CHA","city":"Charlotte","conference":"East","division":"Southeast","full_name":"Charlotte Hornets","name":"Hornets"},"visitor_team_score":103},{"id":832820,"date":"2022-04-17T00:00:00.000Z","home_team":{"id":16,"abbreviation":"MIA","city":"Miami","conference":"East","division":"Southeast","full_name":"Miami Heat","name":"Heat"},"home_team_score":115,"period":4,"postseason":true,"season":2021,"status":"Final","time":"","visitor_team":{"id":1,"abbreviation":"ATL","city":"Atlanta","conference":"East","division":"Southeast","full_name":"Atlanta Hawks","name":"Hawks"},"visitor_team_score":91},{"id":474629,"date":"2022-04-10T00:00:00.000Z","home_team":{"id":11,"abbreviation":"HOU","city":"Houston","conference":"West","division":"Southwest","full_name":"Houston Rockets","name":"Rockets"},"home_team_score":114,"period":4,"postseason":false,"season":2021,"status":"Final","time":"","visitor_team":{"id":1,"abbreviation":"ATL","city":"Atlanta","conference":"East","division":"Southeast","full_name":"Atlanta Hawks","name":"Hawks"},"visitor_team_score":130},{"id":837569,"date":"2022-04-22T00:00:00.000Z","home_team":{"id":1,"abbreviation":"ATL","city":"Atlanta","conference":"East","division":"Southeast","full_name":"Atlanta Hawks","name":"Hawks"},"home_team_score":111,"period":4,"postseason":true,"season":2021,"status":"Final","time":"","visitor_team":{"id":16,"abbreviation":"MIA","city":"Miami","conference":"East","division":"Southeast","full_name":"Miami Heat","name":"Heat"},"visitor_team_score":110},{"id":839444,"date":"2022-04-24T00:00:00.000Z","home_team":{"id":1,"abbreviation":"ATL","city":"Atlanta","conference":"East","division":"Southeast","full_name":"Atlanta Hawks","name":"Hawks"},"home_team_score":86,"period":4,"postseason":true,"season":2021,"status":"Final","time":"","visitor_team":{"id":16,"abbreviation":"MIA","city":"Miami","conference":"East","division":"Southeast","full_name":"Miami Heat","name":"Heat"},"visitor_team_score":110}],"meta":{"total_pages":1,"current_page":1,"next_page":null,"per_page":100,"total_count":95}}