{"data":[{"id":455105,"date":"2021-08-10T00:00:00.000Z","home_team":{"id":25,"abbreviation":"POR","city":"Portland","conference":"West","division":"Northwest","full_name":"Portland Trail Blazers","name":"Trail Blazers"},"home_team_score":86,"period":0,"postseason":false,"season":2021,"status":"Final","time":"","visitor_team":{"id":13,"abbreviation":"LAC","city":"LA","conference":"West","division":"Pacific","full_name":"LA Clippers","name":"Clippers"},"visitor_team_score":66},{"id":473365,"date":"2021-10-04T00:00:00.000Z","home_team":{"id":13,"abbreviation":"LAC","city":"LA","conference":"West","division":"Pacific","full_name":"LA Clippers","name":"Clippers"},"home_team_score":103,"period":4,"postseason":false,"season":2021,"status":"Final","time":"","visitor_team":{"id":8,"abbreviation":"DEN","city":"Denver","conference":"West","division":"Northwest","full_name":"Denver Nuggets","name":"Nuggets"},"visitor_team_score":102},{"id":473422,"date":"2021-10-21T00:00:00.000Z","home_team":{"id":10,"abbreviation":"GSW","city":"Golden State","conference":"West","division":"Pacific","full_name":"Golden State Warriors","name":"Warriors"},"home_team_score":115,"period":4,"postseason":false,"season":2021,"status":"Final","time":"","visitor_team":{"id":13,"abbreviation":"LAC","city":"LA","conference":"West","division":"Pacific","full_name":"LA Clippers","name":"Clippers"},"visitor_team_score":113},{"id":473435,"date":"2021-10-23T00:00:00.000Z","home_team":{"id":13,"abbreviation":"LAC","city":"LA","conference":"West","division":"Pacific","full_name":"LA Clippers","name":"Clippers"},"home_team_score":114,"period":4,"postseason":false,"season":2021,"status":"Final","time":"","visitor_team":{"id":15,"abbreviation":"MEM","city":"Memphis","conference":"West","division":"Southwest","full_name":"Memphis Grizzlies","name":"Grizzlies"},"visitor_team_score":120},{"id":473579,"date":"2021-11-11T00:00:00.000Z","home_team":{"id":13,"abbreviation":"LAC","city":"LA","conference":"West","division":"Pacific","full_name":"LA Clippers","name":"Clippers"},"home_team_score":112,"period":4,"postseason":false,"season":2021,"status":"Final","time":"","visitor_team":{"id":16,"abbreviation":"MIA","city":"Miami","conference":"East","division":"Southeast","full_name":"Miami Heat","name":"Heat"},"visitor_team_score":109},{"id":473645,"date":"2021-11-19T00:00:00.000Z","home_team":{"id":19,"abbreviation":"NOP","city":"New Orleans","conference":"West","division":"Southwest","full_name":"New Orleans Pelicans","name":"Pelicans"},"home_team_score":94,"period":4,"postseason":false,"season":2021,"status":"Final","time":"","visitor_team":{"id":13,"abbreviation":"LAC","city":"LA","conference":"West","division":"Pacific","full_name":"LA Clippers","name":"Clippers"},"visitor_team_score":81},{"id":473735,"date":"2021-12-01T00:00:00.000Z","home_team":{"id":13,"abbreviation":"LAC","city":"LA","conference":"West","division":"Pacific","full_name":"LA Clippers","name":"Clippers"},"home_team_score":115,"period":4,"postseason":false,"season":2021,"status":"Final","time":"","visitor_team":{"id":26,"abbreviation":"SAC","city":"Sacramento","conference":"West","division":"Pacific","full_name":"Sacramento Kings","name":"Kings"},"visitor_team_score":124},{"id":473770,"date":"2021-12-06T00:00:00.000Z","home_team":{"id":25,"abbreviation":"POR","city":"Portland","conference":"West","division":"Northwest","full_name":"Portland Trail Blazers","name":"Trail Blazers"},"home_team_score":90,"period":4,"postseason":false,"season":2021,"status":"Final","time":"","visitor_team":{"id":13,"abbreviation":"LAC","city":"LA","conference":"West","division":"Pacific","full_name":"LA Clippers","name":"Clippers"},"visitor_team_score":102},{"id":473827,"date":"2021-12-15T00:00:00.000Z","home_team":{"id":29,"abbreviation":"UTA","city":"Utah","conference":"West","division":"Northwest","full_name":"Utah Jazz","name":"Jazz"},"home_team_score":124,"period":4,"postseason":false,"season":2021,"status":"Final","time":"","visitor_team":{"id":13,"abbreviation":"LAC","city":"LA","conference":"West","division":"Pacific","full_name":"LA Clippers","name":"Clippers"},"visitor_team_score":103},{"id":473480,"date":"2021-10-29T00:00:00.000Z","home_team":{"id":25,"abbreviation":"POR","city":"Portland","conference":"West","division":"Northwest","full_name":"Portland Trail Blazers","name":"Trail Blazers"},"home_team_score":111,"period":4,"postseason":false,"season":2021,"status":"Final","time":"","visitor_team":{"id":13,"abbreviation":"LAC","city":"LA","conference":"West","division":"Pacific","full_name":"LA Clippers","name":"Clippers"},"visitor_team_score":92},{"id":473741,"date":"2021-12-03T00:00:00.000Z","home_team":{"id":14,"abbreviation":"LAL","city":"Los Angeles","conference":"West","division":"Pacific","full_name":"Los Angeles Lakers","name":"Lakers"},"home_team_score":115,"period":4,"postseason":false,"season":2021,"status":"Final","time":"","visitor_team":{"id":13,"abbreviation":"LAC","city":"LA","conference":"West","division":"Pacific","full_name":"LA Clippers","name":"Clippers"},"visitor_team_score":119},{"id":473471,"date":"2021-10-27T00:00:00.000Z","home_team":{"id":13,"abbreviation":"LAC","city":"LA","conference":"West","division":"Pacific","full_name":"LA Clippers","name":"Clippers"},"home_team_score":79,"period":4,"postseason":false,"season":2021,"status":"Final","time":"","visitor_team":{"id":6,"abbreviation":"CLE","city":"Cleveland","conference":"East","division":"Central","full_name":"Cleveland Cavaliers","name":"Cavaliers"},"visitor_team_score":92},{"id":473944,"date":"2021-12-31T00:00:00.000Z","home_team":{"id":28,"abbreviation":"TOR","city":"Toronto","conference":"East","division":"Atlantic","full_name":"Toronto Raptors","name":"Raptors"},"home_team_score":116,"period":4,"postseason":false,"season":2021,"status":"Final","time":"","visitor_team":{"id":13,"abbreviation":"LAC","city":"LA","conference":"West","division":"Pacific","full_name":"LA Clippers","name":"Clippers"},"visitor_team_score":108},{"id":473600,"date":"2021-11-14T00:00:00.000Z","home_team":{"id":13,"abbreviation":"LAC","city":"LA","conference":"West","division":"Pacific","full_name":"LA Clippers","name":"Clippers"},"home_team_score":90,"period":4,"postseason":false,"season":2021,"status":"Final","time":"","visitor_team":{"id":5,"abbreviation":"CHI","city":"Chicago","conference":"East","division":"Central","full_name":"Chicago Bulls","name":"Bulls"},"visitor_team_score":100},{"id":473786,"date":"2021-12-08T00:00:00.000Z","home_team":{"id":13,"abbreviation":"LAC","city":"LA","conference":"West","division":"Pacific","full_name":"LA Clippers","name":"Clippers"},"home_team_score":114,"period":4,"postseason":false,"season":2021,"status":"Final","time":"","visitor_team":{"id":2,"abbreviation":"BOS","city":"Boston","conference":"East","division":"Atlantic","full_name":"Boston Celtics","name":"Celtics"},"visitor_team_score":111},{"id":473813,"date":"2021-12-13T00:00:00.000Z","home_team":{"id":13,"abbreviation":"LAC","city":"LA","conference":"West","division":"Pacific","full_name":"LA Clippers","name":"Clippers"},"home_team_score":111,"period":4,"postseason":false,"season":2021,"status":"Final","time":"","visitor_team":{"id":24,"abbreviation":"PHX","city":"Phoenix","conference":"West","division":"Pacific","full_name":"Phoenix Suns","name":"Suns"},"visitor_team_score":95},{"id":473969,"date":"2022-01-03T00:00:00.000Z","home_team":{"id":13,"abbreviation":"LAC","city":"LA","conference":"West","division":"Pacific","full_name":"LA Clippers","name":"Clippers"},"home_team_score":104,"period":4,"postseason":false,"season":2021,"status":"Final","time":"","visitor_team":{"id":18,"abbreviation":"MIN","city":"Minnesota","conference":"West","division":"Northwest","full_name":"Minnesota Timberwolves","name":"Timberwolves"},"visitor_team_score":122},{"id":474020,"date":"2022-01-11T00:00:00.000Z","home_team":{"id":13,"abbreviation":"LAC","city":"LA","conference":"West","division":"Pacific","full_name":"LA Clippers","name":"Clippers"},"home_team_score":87,"period":4,"postseason":false,"season":2021,"status":"Final","time":"","visitor_team":{"id":8,"abbreviation":"DEN","city":"Denver","conference":"West","division":"Northwest","full_name":"Denver Nuggets","name":"Nuggets"},"visitor_team_score":85},{"id":473522,"date":"2021-11-03T00:00:00.000Z","home_team":{"id":18,"abbreviation":"MIN","city":"Minnesota","conference":"West","division":"Northwest","full_name":"Minnesota Timberwolves","name":"Timberwolves"},"home_team_score":115,"period":4,"postseason":false,"season":2021,"status":"Final","time":"","visitor_team":{"id":13,"abbreviation":"LAC","city":"LA","conference":"West","division":"Pacific","full_name":"LA Clippers","name":"Clippers"},"visitor_team_score":126},{"id":473457,"date":"2021-10-25T00:00:00.000Z","home_team":{"id":13,"abbreviation":"LAC","city":"LA","conference":"West","division":"Pacific","full_name":"LA Clippers","name":"Clippers"},"home_team_score":116,"period":4,"postseason":false,"season":2021,"status":"Final","time":"","visitor_team":{"id":25,"abbreviation":"POR","city":"Portland","conference":"West","division":"Northwest","full_name":"Portland Trail Blazers","name":"Trail Blazers"},"visitor_team_score":86},{"id":473537,"date":"2021-11-05T00:00:00.000Z","home_team":{"id":18,"abbreviation":"MIN","city":"Minnesota","conference":"West","division":"Northwest","full_name":"Minnesota Timberwolves","name":"Timberwolves"},"home_team_score":84,"period":4,"postseason":false,"season":2021,"status":"Final","time":"","visitor_team":{"id":13,"abbreviation":"LAC","city":"LA","conference":"West","division":"Pacific","full_name":"LA Clippers","name":"Clippers"},"visitor_team_score":104},{"id":473551,"date":"2021-11-07T00:00:00.000Z","home_team":{"id":13,"abbreviation":"LAC","city":"LA","conference":"West","division":"Pacific","full_name":"LA Clippers","name":"Clippers"},"home_team_score":120,"period":4,"postseason":false,"season":2021,"status":"Final","time":"","visitor_team":{"id":4,"abbreviation":"CHA","city":"Charlotte","conference":"East","division":"Southeast","full_name":"Charlotte Hornets","name":"Hornets"},"visitor_team_score":106},{"id":461294,"date":"2021-08-13T00:00:00.000Z","home_team":{"id":13,"abbreviation":"LAC","city":"LA","conference":"West","division":"Pacific","full_name":"LA Clippers","name":"Clippers"},"home_team_score":84,"period":4,"postseason":false,"season":2021,"status":"Final","time":"","visitor_team":{"id":14,"abbreviation":"LAL","city":"Los Angeles","conference":"West","division":"Pacific","full_name":"Los Angeles Lakers","name":"Lakers"},"visitor_team_score":86},{"id":473565,"date":"2021-11-09T00:00:00.000Z","home_team":{"id":13,"abbreviation":"LAC","city":"LA","conference":"West","division":"Pacific","full_name":"LA Clippers","name":"Clippers"},"home_team_score":117,"period":4,"postseason":false,"season":2021,"status":"Final","time":"","visitor_team":{"id":25,"abbreviation":"POR","city":"Portland","conference":"West","division":"Northwest","full_name":"Portland Trail Blazers","name":"Trail Blazers"},"visitor_team_score":109},{"id":473636,"date":"2021-11-18T00:00:00.000Z","home_team":{"id":15,"abbreviation":"MEM","city":"Memphis","conference":"West","division":"Southwest","full_name":"Memphis Grizzlies","name":"Grizzlies"},"home_team_score":120,"period":4,"postseason":false,"season":2021,"status":"Final","time":"","visitor_team":{"id":13,"abbreviation":"LAC","city":"LA","conference":"West","division":"Pacific","full_name":"LA Clippers","name":"Clippers"},"visitor_team_score":108},{"id":474108,"date":"2022-01-23T00:00:00.000Z","home_team":{"id":20,"abbreviation":"NYK","city":"New York","conference":"East","division":"Atlantic","full_name":"New York Knicks","name":"Knicks"},"home_team_score":110,"period":4,"postseason":false,"season":2021,"status":"Final","time":"","visitor_team":{"id":13,"abbreviation":"LAC","city":"LA","conference":"West","division":"Pacific","full_name":"LA Clippers","name":"Clippers"},"visitor_team_score":102},{"id":474125,"date":"2022-01-25T00:00:00.000Z","home_team":{"id":30,"abbreviation":"WAS","city":"Washington","conference":"East","division":"Southeast","full_name":"Washington Wizards","name":"Wizards"},"home_team_score":115,"period":4,"postseason":false,"season":2021,"status":"Final","time":"","visitor_team":{"id":13,"abbreviation":"LAC","city":"LA","conference":"West","division":"Pacific","full_name":"LA Clippers","name":"Clippers"},"visitor_team_score":116},{"id":473595,"date":"2021-11-13T00:00:00.000Z","home_team":{"id":13,"abbreviation":"LAC","city":"LA","conference":"West","division":"Pacific","full_name":"LA Clippers","name":"Clippers"},"home_team_score":129,"period":4,"postseason":false,"season":2021,"status":"Final","time":"","visitor_team":{"id":18,"abbreviation":"MIN","city":"Minnesota","conference":"West","division":"Northwest","full_name":"Minnesota Timberwolves","name":"Timberwolves"},"visitor_team_score":102},{"id":473852,"date":"2021-12-18T00:00:00.000Z","home_team":{"id":21,"abbreviation":"OKC","city":"Oklahoma City","conference":"West","division":"Northwest","full_name":"Oklahoma City Thunder","name":"Thunder"},"home_team_score":104,"period":4,"postseason":false,"season":2021,"status":"Final","time":"","visitor_team":{"id":13,"abbreviation":"LAC","city":"LA","conference":"West","division":"Pacific","full_name":"LA Clippers","name":"Clippers"},"visitor_team_score":103},{"id":474375,"date":"2022-03-06T00:00:00.000Z","home_team":{"id":13,"abbreviation":"LAC","city":"LA","conference":"West","division":"Pacific","full_name":"LA Clippers","name":"Clippers"},"home_team_score":93,"period":4,"postseason":false,"season":2021,"status":"Final","time":"","visitor_team":{"id":20,"abbreviation":"NYK","city":"New York","conference":"East","division":"Atlantic","full_name":"New York Knicks","name":"Knicks"},"visitor_team_score":116},{"id":474408,"date":"2022-03-11T00:00:00.000Z","home_team":{"id":1,"abbreviation":"ATL","city":"Atlanta","conference":"East","division":"Southeast","full_name":"Atlanta Hawks","name":"Hawks"},"home_team_score":112,"period":4,"postseason":false,"season":2021,"status":"Final","time":"","visitor_team":{"id":13,"abbreviation":"LAC","city":"LA","conference":"West","division":"Pacific","full_name":"LA Clippers","name":"Clippers"},"visitor_team_score":106},{"id":474400,"date":"2022-03-09T00:00:00.000Z","home_team":{"id":13,"abbreviation":"LAC","city":"LA","conference":"West","division":"Pacific","full_name":"LA Clippers","name":"Clippers"},"home_team_score":115,"period":4,"postseason":false,"season":2021,"status":"Final","time":"","visitor_team":{"id":30,"abbreviation":"WAS","city":"Washington","conference":"East","division":"Southeast","full_name":"Washington Wizards","name":"Wizards"},"visitor_team_score":109},{"id":474452,"date":"2022-03-16T00:00:00.000Z","home_team":{"id":13,"abbreviation":"LAC","city":"LA","conference":"West","division":"Pacific","full_name":"LA Clippers","name":"Clippers"},"home_team_score":100,"period":4,"postseason":false,"season":2021,"status":"Final","time":"","visitor_team":{"id":28,"abbreviation":"TOR","city":"Toronto","conference":"East","division":"Atlantic","full_name":"Toronto Raptors","name":"Raptors"},"visitor_team_score":103},{"id":473510,"date":"2021-11-01T00:00:00.000Z","home_team":{"id":13,"abbreviation":"LAC","city":"LA","conference":"West","division":"Pacific","full_name":"LA Clippers","name":"Clippers"},"home_team_score":99,"period":4,"postseason":false,"season":2021,"status":"Final","time":"","visitor_team":{"id":21,"abbreviation":"OKC","city":"Oklahoma City","conference":"West","division":"Northwest","full_name":"Oklahoma City Thunder","name":"Thunder"},"visitor_team_score":94},{"id":473912,"date":"2021-12-27T00:00:00.000Z","home_team":{"id":13,"abbreviation":"LAC","city":"LA","conference":"West","division":"Pacific","full_name":"LA Clippers","name":"Clippers"},"home_team_score":108,"period":4,"postseason":false,"season":2021,"status":"Final","time":"","visitor_team":{"id":3,"abbreviation":"BKN","city":"Brooklyn","conference":"East","division":"Atlantic","full_name":"Brooklyn Nets","name":"Nets"},"visitor_team_score":124},{"id":473999,"date":"2022-01-08T00:00:00.000Z","home_team":{"id":13,"abbreviation":"LAC","city":"LA","conference":"West","division":"Pacific","full_name":"LA Clippers","name":"Clippers"},"home_team_score":108,"period":4,"postseason":false,"season":2021,"status":"Final","time":"","visitor_team":{"id":15,"abbreviation":"MEM","city":"Memphis","conference":"West","division":"Southwest","full_name":"Memphis Grizzlies","name":"Grizzlies"},"visitor_team_score":123},{"id":474058,"date":"2022-01-15T00:00:00.000Z","home_team":{"id":27,"abbreviation":"SAS","city":"San Antonio","conference":"West","division":"Southwest","full_name":"San Antonio Spurs","name":"Spurs"},"home_team_score":101,"period":4,"postseason":false,"season":2021,"status":"Final","time":"","visitor_team":{"id":13,"abbreviation":"LAC","city":"LA","conference":"West","division":"Pacific","full_name":"LA Clippers","name":"Clippers"},"visitor_team_score":94},{"id":474216,"date":"2022-02-06T00:00:00.000Z","home_team":{"id":13,"abbreviation":"LAC","city":"LA","conference":"West","division":"Pacific","full_name":"LA Clippers","name":"Clippers"},"home_team_score":113,"period":4,"postseason":false,"season":2021,"status":"Final","time":"","visitor_team":{"id":17,"abbreviation":"MIL","city":"Milwaukee","conference":"East","division":"Central","full_name":"Milwaukee Bucks","name":"Bucks"},"visitor_team_score":137},{"id":474312,"date":"2022-02-25T00:00:00.000Z","home_team":{"id":14,"abbreviation":"LAL","city":"Los Angeles","conference":"West","division":"Pacific","full_name":"Los Angeles Lakers","name":"Lakers"},"home_team_score":102,"period":4,"postseason":false,"season":2021,"status":"Final","time":"","visitor_team":{"id":13,"abbreviation":"LAC","city":"LA","conference":"West","division":"Pacific","full_name":"LA Clippers","name":"Clippers"},"visitor_team_score":105},{"id":474543,"date":"2022-03-29T00:00:00.000Z","home_team":{"id":13,"abbreviation":"LAC","city":"LA","conference":"West","division":"Pacific","full_name":"LA Clippers","name":"Clippers"},"home_team_score":121,"period":4,"postseason":false,"season":2021,"status":"Final","time":"","visitor_team":{"id":29,"abbreviation":"UTA","city":"Utah","conference":"West","division":"Northwest","full_name":"Utah Jazz","name":"Jazz"},"visitor_team_score":115},{"id":473658,"date":"2021-11-21T00:00:00.000Z","home_team":{"id":13,"abbreviation":"LAC","city":"LA","conference":"West","division":"Pacific","full_name":"LA Clippers","name":"Clippers"},"home_team_score":97,"period":4,"postseason":false,"season":2021,"status":"Final","time":"","visitor_team":{"id":7,"abbreviation":"DAL","city":"Dallas","conference":"West","division":"Southwest","full_name":"Dallas Mavericks","name":"Mavericks"},"visitor_team_score":91},{"id":473800,"date":"2021-12-11T00:00:00.000Z","home_team":{"id":13,"abbreviation":"LAC","city":"LA","conference":"West","division":"Pacific","full_name":"LA Clippers","name":"Clippers"},"home_team_score":106,"period":4,"postseason":false,"season":2021,"status":"Final","time":"","visitor_team":{"id":22,"abbreviation":"ORL","city":"Orlando","conference":"East","division":"Southeast","full_name":"Orlando Magic","name":"Magic"},"visitor_team_score":104},{"id":473619,"date":"2021-11-16T00:00:00.000Z","home_team":{"id":13,"abbreviation":"LAC","city":"LA","conference":"West","division":"Pacific","full_name":"LA Clippers","name":"Clippers"},"home_team_score":106,"period":4,"postseason":false,"season":2021,"status":"Final","time":"","visitor_team":{"id":27,"abbreviation":"SAS","city":"San Antonio","conference":"West","division":"Southwest","full_name":"San Antonio Spurs","name":"Spurs"},"visitor_team_score":92},{"id":474168,"date":"2022-01-31T00:00:00.000Z","home_team":{"id":12,"abbreviation":"IND","city":"Indiana","conference":"East","division":"Central","full_name":"Indiana Pacers","name":"Pacers"},"home_team_score":122,"period":4,"postseason":false,"season":2021,"status":"Final","time":"","visitor_team":{"id":13,"abbreviation":"LAC","city":"LA","conference":"West","division":"Pacific","full_name":"LA Clippers","name":"Clippers"},"visitor_team_score":116},{"id":473709,"date":"2021-11-28T00:00:00.000Z","home_team":{"id":13,"abbreviation":"LAC","city":"LA","conference":"West","division":"Pacific","full_name":"LA Clippers","name":"Clippers"},"home_team_score":90,"period":4,"postseason":false,"season":2021,"status":"Final","time":"","visitor_team":{"id":10,"abbreviation":"GSW","city":"Golden State","conference":"West","division":"Pacific","full_name":"Golden State Warriors","name":"Warriors"},"visitor_team_score":105},{"id":473688,"date":"2021-11-26T00:00:00.000Z","home_team":{"id":13,"abbreviation":"LAC","city":"LA","conference":"West","division":"Pacific","full_name":"LA Clippers","name":"Clippers"},"home_team_score":107,"period":4,"postseason":false,"season":2021,"status":"Final","time":"","visitor_team":{"id":9,"abbreviation":"DET","city":"Detroit","conference":"East","division":"Central","full_name":"Detroit Pistons","name":"Pistons"},"visitor_team_score":96},{"id":473721,"date":"2021-11-29T00:00:00.000Z","home_team":{"id":13,"abbreviation":"LAC","city":"LA","conference":"West","division":"Pacific","full_name":"LA Clippers","name":"Clippers"},"home_team_score":104,"period":4,"postseason":false,"season":2021,"status":"Final","time":"","visitor_team":{"id":19,"abbreviation":"NOP","city":"New Orleans","conference":"West","division":"Southwest","full_name":"New Orleans Pelicans","name":"Pelicans"},"visitor_team_score":123},{"id":473673,"date":"2021-11-23T00:00:00.000Z","home_team":{"id":13,"abbreviation":"LAC","city":"LA","conference":"West","division":"Pacific","full_name":"LA Clippers","name":"Clippers"},"home_team_score":104,"period":5,"postseason":false,"season":2021,"status":"Final","time":"","visitor_team":{"id":7,"abbreviation":"DAL","city":"Dallas","conference":"West","division":"Southwest","full_name":"Dallas Mavericks","name":"Mavericks"},"visitor_team_score":112},{"id":474146,"date":"2022-01-28T00:00:00.000Z","home_team":{"id":16,"abbreviation":"MIA","city":"Miami","conference":"East","division":"Southeast","full_name":"Miami Heat","name":"Heat"},"home_team_score":121,"period":4,"postseason":false,"season":2021,"status":"Final","time":"","visitor_team":{"id":13,"abbreviation":"LAC","city":"LA","conference":"West","division":"Pacific","full_name":"LA Clippers","name":"Clippers"},"visitor_team_score":114},{"id":474353,"date":"2022-03-03T00:00:00.000Z","home_team":{"id":13,"abbreviation":"LAC","city":"LA","conference":"West","division":"Pacific","full_name":"LA Clippers","name":"Clippers"},"home_team_score":132,"period":4,"postseason":false,"season":2021,"status":"Final","time":"","visitor_team":{"id":14,"abbreviation":"LAL","city":"Los Angeles","conference":"West","division":"Pacific","full_name":"Los Angeles Lakers","name":"Lakers"},"visitor_team_score":111},{"id":473907,"date":"2021-12-26T00:00:00.000Z","home_team":{"id":13,"abbreviation":"LAC","city":"LA","conference":"West","division":"Pacific","full_name":"LA Clippers","name":"Clippers"},"home_team_score":100,"period":4,"postseason":false,"season":2021,"status":"Final","time":"","visitor_team":{"id":8,"abbreviation":"DEN","city":"Denver","conference":"West","division":"Northwest","full_name":"Denver Nuggets","name":"Nuggets"},"visitor_team_score":103},{"id":474095,"date":"2022-01-21T00:00:00.000Z","home_team":{"id":23,"abbreviation":"PHI","city":"Philadelphia","conference":"East","division":"Atlantic","full_name":"Philadelphia 76ers","name":"76ers"},"home_team_score":101,"period":4,"postseason":false,"season":2021,"status":"Final","time":"","visitor_team":{"id":13,"abbreviation":"LAC","city":"LA","conference":"West","division":"Pacific","full_name":"LA Clippers","name":"Clippers"},"visitor_team_score":102},{"id":474133,"date":"2022-01-26T00:00:00.000Z","home_team":{"id":22,"abbreviation":"ORL","city":"Orlando","conference":"East","division":"Southeast","full_name":"Orlando Magic","name":"Magic"},"home_team_score":102,"period":4,"postseason":false,"season":2021,"status":"Final","time":"","visitor_team":{"id":13,"abbreviation":"LAC","city":"LA","conference":"West","division":"Pacific","full_name":"LA Clippers","name":"Clippers"},"visitor_team_score":111},{"id":474162,"date":"2022-01-30T00:00:00.000Z","home_team":{"id":4,"abbreviation":"CHA","city":"Charlotte","conference":"East","division":"Southeast","full_name":"Charlotte Hornets","name":"Hornets"},"home_team_score":90,"period":4,"postseason":false,"season":2021,"status":"Final","time":"","visitor_team":{"id":13,"abbreviation":"LAC","city":"LA","conference":"West","division":"Pacific","full_name":"LA Clippers","name":"Clippers"},"visitor_team_score":115},{"id":474226,"date":"2022-02-08T00:00:00.000Z","home_team":{"id":15,"abbreviation":"MEM","city":"Memphis","conference":"West","division":"Southwest","full_name":"Memphis Grizzlies","name":"Grizzlies"},"home_team_score":135,"period":4,"postseason":false,"season":2021,"status":"Final","time":"","visitor_team":{"id":13,"abbreviation":"LAC","city":"LA","conference":"West","division":"Pacific","full_name":"LA Clippers","name":"Clippers"},"visitor_team_score":109},{"id":474260,"date":"2022-02-12T00:00:00.000Z","home_team":{"id":7,"abbreviation":"DAL","city":"Dallas","conference":"West","division":"Southwest","full_name":"Dallas Mavericks","name":"Mavericks"},"home_team_score":97,"period":4,"postseason":false,"season":2021,"status":"Final","time":"","visitor_team":{"id":13,"abbreviation":"LAC","city":"LA","conference":"West","division":"Pacific","full_name":"LA Clippers","name":"Clippers"},"visitor_team_score":99},{"id":474281,"date":"2022-02-15T00:00:00.000Z","home_team":{"id":24,"abbreviation":"PHX","city":"Phoenix","conference":"West","division":"Pacific","full_name":"Phoenix Suns","name":"Suns"},"home_team_score":103,"period":4,"postseason":false,"season":2021,"status":"Final","time":"","visitor_team":{"id":13,"abbreviation":"LAC","city":"LA","conference":"West","division":"Pacific","full_name":"LA Clippers","name":"Clippers"},"visitor_team_score":96},{"id":473753,"date":"2021-12-04T00:00:00.000Z","home_team":{"id":26,"abbreviation":"SAC","city":"Sacramento","conference":"West","division":"Pacific","full_name":"Sacramento Kings","name":"Kings"},"home_team_score":104,"period":4,"postseason":false,"season":2021,"status":"Final","time":"","visitor_team":{"id":13,"abbreviation":"LAC","city":"LA","conference":"West","division":"Pacific","full_name":"LA Clippers","name":"Clippers"},"visitor_team_score":99},{"id":474009,"date":"2022-01-09T00:00:00.000Z","home_team":{"id":13,"abbreviation":"LAC","city":"LA","conference":"West","division":"Pacific","full_name":"LA Clippers","name":"Clippers"},"home_team_score":106,"period":4,"postseason":false,"season":2021,"status":"Final","time":"","visitor_team":{"id":1,"abbreviation":"ATL","city":"Atlanta","conference":"East","division":"Southeast","full_name":"Atlanta Hawks","name":"Hawks"},"visitor_team_score":93},{"id":474038,"date":"2022-01-13T00:00:00.000Z","home_team":{"id":19,"abbreviation":"NOP","city":"New Orleans","conference":"West","division":"Southwest","full_name":"New Orleans Pelicans","name":"Pelicans"},"home_team_score":113,"period":4,"postseason":false,"season":2021,"status":"Final","time":"","visitor_team":{"id":13,"abbreviation":"LAC","city":"LA","conference":"West","division":"Pacific","full_name":"LA Clippers","name":"Clippers"},"visitor_team_score":89},{"id":474194,"date":"2022-02-03T00:00:00.000Z","home_team":{"id":13,"abbreviation":"LAC","city":"LA","conference":"West","division":"Pacific","full_name":"LA Clippers","name":"Clippers"},"home_team_score":111,"period":4,"postseason":false,"season":2021,"status":"Final","time":"","visitor_team":{"id":14,"abbreviation":"LAL","city":"Los Angeles","conference":"West","division":"Pacific","full_name":"Los Angeles Lakers","name":"Lakers"},"visitor_team_score":110},{"id":473883,"date":"2021-12-22T00:00:00.000Z","home_team":{"id":26,"abbreviation":"SAC","city":"Sacramento","conference":"West","division":"Pacific","full_name":"Sacramento Kings","name":"Kings"},"home_team_score":89,"period":4,"postseason":false,"season":2021,"status":"Final","time":"","visitor_team":{"id":13,"abbreviation":"LAC","city":"LA","conference":"West","division":"Pacific","full_name":"LA Clippers","name":"Clippers"},"visitor_team_score":105},{"id":474086,"date":"2022-01-19T00:00:00.000Z","home_team":{"id":8,"abbreviation":"DEN","city":"Denver","conference":"West","division":"Northwest","full_name":"Denver Nuggets","name":"Nuggets"},"home_team_score":130,"period":5,"postseason":false,"season":2021,"status":"Final","time":"","visitor_team":{"id":13,"abbreviation":"LAC","city":"LA","conference":"West","division":"Pacific","full_name":"LA Clippers","name":"Clippers"},"visitor_team_score":128},{"id":474267,"date":"2022-02-14T00:00:00.000Z","home_team":{"id":13,"abbreviation":"LAC","city":"LA","conference":"West","division":"Pacific","full_name":"LA Clippers","name":"Clippers"},"home_team_score":119,"period":4,"postseason":false,"season":2021,"status":"Final","time":"","visitor_team":{"id":10,"abbreviation":"GSW","city":"Golden State","conference":"West","division":"Pacific","full_name":"Golden State Warriors","name":"Warriors"},"visitor_team_score":104},{"id":474600,"date":"2022-04-06T00:00:00.000Z","home_team":{"id":13,"abbreviation":"LAC","city":"LA","conference":"West","division":"Pacific","full_name":"LA Clippers","name":"Clippers"},"home_team_score":113,"period":4,"postseason":false,"season":2021,"status":"Final","time":"","visitor_team":{"id":24,"abbreviation":"PHX","city":"Phoenix","conference":"West","division":"Pacific","full_name":"Phoenix Suns","name":"Suns"},"visitor_team_score":109},{"id":465591,"date":"2021-08-15T00:00:00.000Z","home_team":{"id":13,"abbreviation":"LAC","city":"LA","conference":"West","division":"Pacific","full_name":"LA Clippers","name":"Clippers"},"home_team_score":94,"period":4,"postseason":false,"season":2021,"status":"Final","time":"","visitor_team":{"id":29,"abbreviation":"UTA","city":"Utah","conference":"West","division":"Northwest","full_name":"Utah Jazz","name":"Jazz"},"visitor_team_score":90},{"id":473869,"date":"2021-12-20T00:00:00.000Z","home_team":{"id":13,"abbreviation":"LAC","city":"LA","conference":"West","division":"Pacific","full_name":"LA Clippers","name":"Clippers"},"home_team_score":92,"period":4,"postseason":false,"season":2021,"status":"Final","time":"","visitor_team":{"id":27,"abbreviation":"SAS","city":"San Antonio","conference":"West","division":"Southwest","full_name":"San Antonio Spurs","name":"Spurs"},"visitor_team_score":116},{"id":473926,"date":"2021-12-29T00:00:00.000Z","home_team":{"id":2,"abbreviation":"BOS","city":"Boston","conference":"East","division":"Atlantic","full_name":"Boston Celtics","name":"Celtics"},"home_team_score":82,"period":4,"postseason":false,"season":2021,"status":"Final","time":"","visitor_team":{"id":13,"abbreviation":"LAC","city":"LA","conference":"West","division":"Pacific","full_name":"LA Clippers","name":"Clippers"},"visitor_team_score":91},{"id":473949,"date":"2022-01-01T00:00:00.000Z","home_team":{"id":3,"abbreviation":"BKN","city":"Brooklyn","conference":"East","division":"Atlantic","full_name":"Brooklyn Nets","name":"Nets"},"home_team_score":116,"period":4,"postseason":false,"season":2021,"status":"Final","time":"","visitor_team":{"id":13,"abbreviation":"LAC","city":"LA","conference":"West","division":"Pacific","full_name":"LA Clippers","name":"Clippers"},"visitor_team_score":120},{"id":474063,"date":"2022-01-17T00:00:00.000Z","home_team":{"id":13,"abbreviation":"LAC","city":"LA","conference":"West","division":"Pacific","full_name":"LA Clippers","name":"Clippers"},"home_team_score":139,"period":4,"postseason":false,"season":2021,"status":"Final","time":"","visitor_team":{"id":12,"abbreviation":"IND","city":"Indiana","conference":"East","division":"Central","full_name":"Indiana Pacers","name":"Pacers"},"visitor_team_score":133},{"id":474490,"date":"2022-03-22T00:00:00.000Z","home_team":{"id":8,"abbreviation":"DEN","city":"Denver","conference":"West","division":"Northwest","full_name":"Denver Nuggets","name":"Nuggets"},"home_team_score":127,"period":4,"postseason":false,"season":2021,"status":"Final","time":"","visitor_team":{"id":13,"abbreviation":"LAC","city":"LA","conference":"West","division":"Pacific","full_name":"LA Clippers","name":"Clippers"},"visitor_team_score":115},{"id":474335,"date":"2022-03-01T00:00:00.000Z","home_team":{"id":11,"abbreviation":"HOU","city":"Houston","conference":"West","division":"Southwest","full_name":"Houston Rockets","name":"Rockets"},"home_team_score":100,"period":4,"postseason":false,"season":2021,"status":"Final","time":"","visitor_team":{"id":13,"abbreviation":"LAC","city":"LA","conference":"West","division":"Pacific","full_name":"LA Clippers","name":"Clippers"},"visitor_team_score":113},{"id":474513,"date":"2022-03-25T00:00:00.000Z","home_team":{"id":13,"abbreviation":"LAC","city":"LA","conference":"West","division":"Pacific","full_name":"LA Clippers","name":"Clippers"},"home_team_score":97,"period":4,"postseason":false,"season":2021,"status":"Final","time":"","visitor_team":{"id":23,"abbreviation":"PHI","city":"Philadelphia","conference":"East","division":"Atlantic","full_name":"Philadelphia 76ers","name":"76ers"},"visitor_team_score":122},{"id":474557,"date":"2022-03-31T00:00:00.000Z","home_team":{"id":5,"abbreviation":"CHI","city":"Chicago","conference":"East","division":"Central","full_name":"Chicago Bulls","name":"Bulls"},"home_team_score":135,"period":5,"postseason":false,"season":2021,"status":"Final","time":"","visitor_team":{"id":13,"abbreviation":"LAC","city":"LA","conference":"West","division":"Pacific","full_name":"LA Clippers","name":"Clippers"},"visitor_team_score":130},{"id":474242,"date":"2022-02-10T00:00:00.000Z","home_team":{"id":7,"abbreviation":"DAL","city":"Dallas","conference":"West","division":"Southwest","full_name":"Dallas Mavericks","name":"Mavericks"},"home_team_score":112,"period":4,"postseason":false,"season":2021,"status":"Final","time":"","visitor_team":{"id":13,"abbreviation":"LAC","city":"LA","conference":"West","division":"Pacific","full_name":"LA Clippers","name":"Clippers"},"visitor_team_score":105},{"id":474296,"date":"2022-02-17T00:00:00.000Z","home_team":{"id":13,"abbreviation":"LAC","city":"LA","conference":"West","division":"Pacific","full_name":"LA Clippers","name":"Clippers"},"home_team_score":142,"period":4,"postseason":false,"season":2021,"status":"Final","time":"","visitor_team":{"id":11,"abbreviation":"HOU","city":"Houston","conference":"West","division":"Southwest","full_name":"Houston Rockets","name":"Rockets"},"visitor_team_score":111},{"id":474325,"date":"2022-02-27T00:00:00.000Z","home_team":{"id":11,"abbreviation":"HOU","city":"Houston","conference":"West","division":"Southwest","full_name":"Houston Rockets","name":"Rockets"},"home_team_score":98,"period":4,"postseason":false,"season":2021,"status":"Final","time":"","visitor_team":{"id":13,"abbreviation":"LAC","city":"LA","conference":"West","division":"Pacific","full_name":"LA Clippers","name":"Clippers"},"visitor_team_score":99},{"id":474425,"date":"2022-03-13T00:00:00.000Z","home_team":{"id":9,"abbreviation":"DET","city":"Detroit","conference":"East","division":"Central","full_name":"Detroit Pistons","name":"Pistons"},"home_team_score":102,"period":4,"postseason":false,"season":2021,"status":"Final","time":"","visitor_team":{"id":13,"abbreviation":"LAC","city":"LA","conference":"West","division":"Pacific","full_name":"LA Clippers","name":"Clippers"},"visitor_team_score":106},{"id":474428,"date":"2022-03-14T00:00:00.000Z","home_team":{"id":6,"abbreviation":"CLE","city":"Cleveland","conference":"East","division":"Central","full_name":"Cleveland Cavaliers","name":"Cavaliers"},"home_team_score":120,"period":5,"postseason":false,"season":2021,"status":"Final","time":"","visitor_team":{"id":13,"abbreviation":"LAC","city":"LA","conference":"West","division":"Pacific","full_name":"LA Clippers","name":"Clippers"},"visitor_team_score":111},{"id":474462,"date":"2022-03-18T00:00:00.000Z","home_team":{"id":29,"abbreviation":"UTA","city":"Utah","conference":"West","division":"Northwest","full_name":"Utah Jazz","name":"Jazz"},"home_team_score":121,"period":4,"postseason":false,"season":2021,"status":"Final","time":"","visitor_team":{"id":13,"abbreviation":"LAC","city":"LA","conference":"West","division":"Pacific","full_name":"LA Clippers","name":"Clippers"},"visitor_team_score":92},{"id":474585,"date":"2022-04-03T00:00:00.000Z","home_team":{"id":13,"abbreviation":"LAC","city":"LA","conference":"West","division":"Pacific","full_name":"LA Clippers","name":"Clippers"},"home_team_score":119,"period":4,"postseason":false,"season":2021,"status":"Final","time":"","visitor_team":{"id":19,"abbreviation":"NOP","city":"New Orleans","conference":"West","division":"Southwest","full_name":"New Orleans Pelicans","name":"Pelicans"},"visitor_team_score":100},{"id":467895,"date":"2021-08-16T00:00:00.000Z","home_team":{"id":13,"abbreviation":"LAC","city":"LA","conference":"West","division":"Pacific","full_name":"LA Clippers","name":"Clippers"},"home_team_score":95,"period":4,"postseason":false,"season":2021,"status":"Final","time":"","visitor_team":{"id":15,"abbreviation":"MEM","city":"Memphis","conference":"West","division":"Southwest","full_name":"Memphis Grizzlies","name":"Grizzlies"},"visitor_team_score":104},{"id":452667,"date":"2021-08-09T00:00:00.000Z","home_team":{"id":17,"abbreviation":"MIL","city":"Milwaukee","conference":"East","division":"Central","full_name":"Milwaukee Bucks","name":"Bucks"},"home_team_score":81,"period":4,"postseason":false,"season":2021,"status":"Final","time":"","visitor_team":{"id":13,"abbreviation":"LAC","city":"LA","conference":"West","division":"Pacific","full_name":"LA Clippers","name":"Clippers"},"visitor_team_score":78},{"id":473987,"date":"2022-01-06T00:00:00.000Z","home_team":{"id":24,"abbreviation":"PHX","city":"Phoenix","conference":"West","division":"Pacific","full_name":"Phoenix Suns","name":"Suns"},"home_team_score":106,"period":4,"postseason":false,"season":2021,"status":"Final","time":"","visitor_team":{"id":13,"abbreviation":"LAC","city":"LA","conference":"West","division":"Pacific","full_name":"LA Clippers","name":"Clippers"},"visitor_team_score":89},{"id":474630,"date":"2022-04-10T00:00:00.000Z","home_team":{"id":13,"abbreviation":"LAC","city":"LA","conference":"West","division":"Pacific","full_name":"LA Clippers","name":"Clippers"},"home_team_score":138,"period":4,"postseason":false,"season":2021,"status":"Final","time":"","visitor_team":{"id":21,"abbreviation":"OKC","city":"Oklahoma City","conference":"West","division":"Northwest","full_name":"Oklahoma City Thunder","name":"Thunder"},"visitor_team_score":88},{"id":830509,"date":"2022-04-12T00:00:00.000Z","home_team":{"id":18,"abbreviation":"MIN","city":"Minnesota","conference":"West","division":"Northwest","full_name":"Minnesota Timberwolves","name":"Timberwolves"},"home_team_score":109,"period":4,"postseason":true,"season":2021,"status":"Final","time":"","visitor_team":{"id":13,"abbreviation":"LAC","city":"LA","conference":"West","division":"Pacific","full_name":"LA Clippers","name":"Clippers"},"visitor_team_score":104},{"id":474388,"date":"2022-03-08T00:00:00.000Z","home_team":{"id":10,"abbreviation":"GSW","city":"Golden State","conference":"West","division":"Pacific","full_name":"Golden State Warriors","name":"Warriors"},"home_team_score":112,"period":4,"postseason":false,"season":2021,"status":"Final","time":"","visitor_team":{"id":13,"abbreviation":"LAC","city":"LA","conference":"West","division":"Pacific","full_name":"LA Clippers","name":"Clippers"},"visitor_team_score":97},{"id":831661,"date":"2022-04-15T00:00:00.000Z","home_team":{"id":13,"abbreviation":"LAC","city":"LA","conference":"West","division":"Pacific","full_name":"LA Clippers","name":"Clippers"},"home_team_score":101,"period":4,"postseason":true,"season":2021,"status":"Final","time":"","visitor_team":{"id":19,"abbreviation":"NOP","city":"New Orleans","conference":"West","division":"Southwest","full_name":"New Orleans Pelicans","name":"Pelicans"},"visitor_team_score":105},{"id":474623,"date":"2022-04-09T00:00:00.000Z","home_team":{"id":13,"abbreviation":"LAC","city":"LA","conference":"West","division":"Pacific","full_name":"LA Clippers","name":"Clippers"},"home_team_score":117,"period":4,"postseason":false,"season":2021,"status":"Final","time":"","visitor_team":{"id":26,"abbreviation":"SAC","city":"Sacramento","conference":"West","division":"Pacific","full_name":"Sacramento Kings","name":"Kings"},"visitor_team_score":98},{"id":474561,"date":"2022-04-01T00:00:00.000Z","home_team":{"id":17,"abbreviation":"MIL","city":"Milwaukee","conference":"East","division":"Central","full_name":"Milwaukee Bucks","name":"Bucks"},"home_team_score":119,"period":4,"postseason":false,"season":2021,"status":"Final","time":"","visitor_team":{"id":13,"abbreviation":"LAC","city":"LA","conference":"West","division":"Pacific","full_name":"LA Clippers","name":"Clippers"},"visitor_team_score":153}],"meta":{"total_pages":1,"current_page":1,"next_page":null,"per_page":100,"total_count":90}}