{"data":[{"id":457259,"date":"2021-08-11T00:00:00.000Z","home_team":{"id":3,"abbreviation":"BKN","city":"Brooklyn","conference":"East","division":"Atlantic","full_name":"Brooklyn Nets","name":"Nets"},"home_team_score":97,"period":4,"postseason":false,"season":2021,"status":"Final","time":"","visitor_team":{"id":17,"abbreviation":"MIL","city":"Milwaukee","conference":"East","division":"Central","full_name":"Milwaukee Bucks","name":"Bucks"},"visitor_team_score":91},{"id":473464,"date":"2021-10-27T00:00:00.000Z","home_team":{"id":17,"abbreviation":"MIL","city":"Milwaukee","conference":"East","division":"Central","full_name":"Milwaukee Bucks","name":"Bucks"},"home_team_score":108,"period":4,"postseason":false,"season":2021,"status":"Final","time":"","visitor_team":{"id":18,"abbreviation":"MIN","city":"Minnesota","conference":"West","division":"Northwest","full_name":"Minnesota Timberwolves","name":"Timberwolves"},"visitor_team_score":113},{"id":473563,"date":"2021-11-09T00:00:00.000Z","home_team":{"id":23,"abbreviation":"PHI","city":"Philadelphia","conference":"East","division":"Atlantic","full_name":"Philadelphia 76ers","name":"76ers"},"home_team_score":109,"period":4,"postseason":false,"season":2021,"status":"Final","time":"","visitor_team":{"id":17,"abbreviation":"MIL","city":"Milwaukee","conference":"East","division":"Central","full_name":"Milwaukee Bucks","name":"Bucks"},"visitor_team_score":118},{"id":473584,"date":"2021-11-12T00:00:00.000Z","home_team":{"id":2,"abbreviation":"BOS","city":"Boston","conference":"East","division":"Atlantic","full_name":"Boston Celtics","name":"Celtics"},"home_team_score":122,"period":5,"postseason":false,"season":2021,"status":"Final","time":"","visitor_team":{"id":17,"abbreviation":"MIL","city":"Milwaukee","conference":"East","division":"Central","full_name":"Milwaukee Bucks","name":"Bucks"},"visitor_team_score":113},{"id":473627,"date":"2021-11-17T00:00:00.000Z","home_team":{"id":17,"abbreviation":"MIL","city":"Milwaukee","conference":"East","division":"Central","full_name":"Milwaukee Bucks","name":"Bucks"},"home_team_score":109,"period":4,"postseason":false,"season":2021,"status":"Final","time":"","visitor_team":{"id":14,"abbreviation":"LAL","city":"Los Angeles","conference":"West","division":"Pacific","full_name":"Los Angeles Lakers","name":"Lakers"},"visitor_team_score":84},{"id":473369,"date":"2021-10-05T00:00:00.000Z","home_team":{"id":15,"abbreviation":"MEM","city":"Memphis","conference":"West","division":"Southwest","full_name":"Memphis Grizzlies","name":"Grizzlies"},"home_team_score":87,"period":4,"postseason":false,"season":2021,"status":"Final","time":"Final","visitor_team":{"id":17,"abbreviation":"MIL","city":"Milwaukee","conference":"East","division":"Central","full_name":"Milwaukee Bucks","name":"Bucks"},"visitor_team_score":77},{"id":473678,"date":"2021-11-24T00:00:00.000Z","home_team":{"id":17,"abbreviation":"MIL","city":"Milwaukee","conference":"East","division":"Central","full_name":"Milwaukee Bucks","name":"Bucks"},"home_team_score":114,"period":4,"postseason":false,"season":2021,"status":"Final","time":"","visitor_team":{"id":9,"abbreviation":"DET","city":"Detroit","conference":"East","division":"Central","full_name":"Detroit Pistons","name":"Pistons"},"visitor_team_score":93},{"id":473532,"date":"2021-11-05T00:00:00.000Z","home_team":{"id":17,"abbreviation":"MIL","city":"Milwaukee","conference":"East","division":"Central","full_name":"Milwaukee Bucks","name":"Bucks"},"home_team_score":98,"period":4,"postseason":false,"season":2021,"status":"Final","time":"","visitor_team":{"id":20,"abbreviation":"NYK","city":"New York","conference":"East","division":"Atlantic","full_name":"New York Knicks","name":"Knicks"},"visitor_team_score":113},{"id":473849,"date":"2021-12-18T00:00:00.000Z","home_team":{"id":17,"abbreviation":"MIL","city":"Milwaukee","conference":"East","division":"Central","full_name":"Milwaukee Bucks","name":"Bucks"},"home_team_score":90,"period":4,"postseason":false,"season":2021,"status":"Final","time":"","visitor_team":{"id":6,"abbreviation":"CLE","city":"Cleveland","conference":"East","division":"Central","full_name":"Cleveland Cavaliers","name":"Cavaliers"},"visitor_team_score":119},{"id":473423,"date":"2021-10-21T00:00:00.000Z","home_team":{"id":16,"abbreviation":"MIA","city":"Miami","conference":"East","division":"Southeast","full_name":"Miami Heat","name":"Heat"},"home_team_score":137,"period":4,"postseason":false,"season":2021,"status":"Final","time":"","visitor_team":{"id":17,"abbreviation":"MIL","city":"Milwaukee","conference":"East","division":"Central","full_name":"Milwaukee Bucks","name":"Bucks"},"visitor_team_score":95},{"id":473711,"date":"2021-11-28T00:00:00.000Z","home_team":{"id":12,"abbreviation":"IND","city":"Indiana","conference":"East","division":"Central","full_name":"Indiana Pacers","name":"Pacers"},"home_team_score":100,"period":4,"postseason":false,"season":2021,"status":"Final","time":"","visitor_team":{"id":17,"abbreviation":"MIL","city":"Milwaukee","conference":"East","division":"Central","full_name":"Milwaukee Bucks","name":"Bucks"},"visitor_team_score":118},{"id":461295,"date":"2021-08-13T00:00:00.000Z","home_team":{"id":17,"abbreviation":"MIL","city":"Milwaukee","conference":"East","division":"Central","full_name":"Milwaukee Bucks","name":"Bucks"},"home_team_score":64,"period":4,"postseason":false,"season":2021,"status":"Final","time":"","visitor_team":{"id":18,"abbreviation":"MIN","city":"Minnesota","conference":"West","division":"Northwest","full_name":"Minnesota Timberwolves","name":"Timberwolves"},"visitor_team_score":91},{"id":474082,"date":"2022-01-19T00:00:00.000Z","home_team":{"id":17,"abbreviation":"MIL","city":"Milwaukee","conference":"East","division":"Central","full_name":"Milwaukee Bucks","name":"Bucks"},"home_team_score":126,"period":4,"postseason":false,"season":2021,"status":"Final","time":"","visitor_team":{"id":15,"abbreviation":"MEM","city":"Memphis","conference":"West","division":"Southwest","full_name":"Memphis Grizzlies","name":"Grizzlies"},"visitor_team_score":114},{"id":474105,"date":"2022-01-22T00:00:00.000Z","home_team":{"id":17,"abbreviation":"MIL","city":"Milwaukee","conference":"East","division":"Central","full_name":"Milwaukee Bucks","name":"Bucks"},"home_team_score":133,"period":4,"postseason":false,"season":2021,"status":"Final","time":"","visitor_team":{"id":26,"abbreviation":"SAC","city":"Sacramento","conference":"West","division":"Pacific","full_name":"Sacramento Kings","name":"Kings"},"visitor_team_score":127},{"id":473442,"date":"2021-10-23T00:00:00.000Z","home_team":{"id":27,"abbreviation":"SAS","city":"San Antonio","conference":"West","division":"Southwest","full_name":"San Antonio Spurs","name":"Spurs"},"home_team_score":111,"period":4,"postseason":false,"season":2021,"status":"Final","time":"","visitor_team":{"id":17,"abbreviation":"MIL","city":"Milwaukee","conference":"East","division":"Central","full_name":"Milwaukee Bucks","name":"Bucks"},"visitor_team_score":121},{"id":473452,"date":"2021-10-25T00:00:00.000Z","home_team":{"id":12,"abbreviation":"IND","city":"Indiana","conference":"East","division":"Central","full_name":"Indiana Pacers","name":"Pacers"},"home_team_score":109,"period":4,"postseason":false,"season":2021,"status":"Final","time":"","visitor_team":{"id":17,"abbreviation":"MIL","city":"Milwaukee","conference":"East","division":"Central","full_name":"Milwaukee Bucks","name":"Bucks"},"visitor_team_score":119},{"id":473499,"date":"2021-10-31T00:00:00.000Z","home_team":{"id":17,"abbreviation":"MIL","city":"Milwaukee","conference":"East","division":"Central","full_name":"Milwaukee Bucks","name":"Bucks"},"home_team_score":95,"period":4,"postseason":false,"season":2021,"status":"Final","time":"","visitor_team":{"id":29,"abbreviation":"UTA","city":"Utah","conference":"West","division":"Northwest","full_name":"Utah Jazz","name":"Jazz"},"visitor_team_score":107},{"id":473549,"date":"2021-11-07T00:00:00.000Z","home_team":{"id":30,"abbreviation":"WAS","city":"Washington","conference":"East","division":"Southeast","full_name":"Washington Wizards","name":"Wizards"},"home_team_score":101,"period":4,"postseason":false,"season":2021,"status":"Final","time":"","visitor_team":{"id":17,"abbreviation":"MIL","city":"Milwaukee","conference":"East","division":"Central","full_name":"Milwaukee Bucks","name":"Bucks"},"visitor_team_score":94},{"id":473651,"date":"2021-11-20T00:00:00.000Z","home_team":{"id":17,"abbreviation":"MIL","city":"Milwaukee","conference":"East","division":"Central","full_name":"Milwaukee Bucks","name":"Bucks"},"home_team_score":117,"period":4,"postseason":false,"season":2021,"status":"Final","time":"","visitor_team":{"id":22,"abbreviation":"ORL","city":"Orlando","conference":"East","division":"Southeast","full_name":"Orlando Magic","name":"Magic"},"visitor_team_score":108},{"id":473666,"date":"2021-11-22T00:00:00.000Z","home_team":{"id":17,"abbreviation":"MIL","city":"Milwaukee","conference":"East","division":"Central","full_name":"Milwaukee Bucks","name":"Bucks"},"home_team_score":123,"period":4,"postseason":false,"season":2021,"status":"Final","time":"","visitor_team":{"id":22,"abbreviation":"ORL","city":"Orlando","conference":"East","division":"Southeast","full_name":"Orlando Magic","name":"Magic"},"visitor_team_score":92},{"id":473692,"date":"2021-11-26T00:00:00.000Z","home_team":{"id":8,"abbreviation":"DEN","city":"Denver","conference":"West","division":"Northwest","full_name":"Denver Nuggets","name":"Nuggets"},"home_team_score":109,"period":4,"postseason":false,"season":2021,"status":"Final","time":"","visitor_team":{"id":17,"abbreviation":"MIL","city":"Milwaukee","conference":"East","division":"Central","full_name":"Milwaukee Bucks","name":"Bucks"},"visitor_team_score":120},{"id":473779,"date":"2021-12-08T00:00:00.000Z","home_team":{"id":16,"abbreviation":"MIA","city":"Miami","conference":"East","division":"Southeast","full_name":"Miami Heat","name":"Heat"},"home_team_score":113,"period":4,"postseason":false,"season":2021,"status":"Final","time":"","visitor_team":{"id":17,"abbreviation":"MIL","city":"Milwaukee","conference":"East","division":"Central","full_name":"Milwaukee Bucks","name":"Bucks"},"visitor_team_score":104},{"id":473793,"date":"2021-12-10T00:00:00.000Z","home_team":{"id":11,"abbreviation":"HOU","city":"Houston","conference":"West","division":"Southwest","full_name":"Houston Rockets","name":"Rockets"},"home_team_score":114,"period":4,"postseason":false,"season":2021,"status":"Final","time":"","visitor_team":{"id":17,"abbreviation":"MIL","city":"Milwaukee","conference":"East","division":"Central","full_name":"Milwaukee Bucks","name":"Bucks"},"visitor_team_score":123},{"id":473808,"date":"2021-12-12T00:00:00.000Z","home_team":{"id":20,"abbreviation":"NYK","city":"New York","conference":"East","division":"Atlantic","full_name":"New York Knicks","name":"Knicks"},"home_team_score":97,"period":4,"postseason":false,"season":2021,"status":"Final","time":"","visitor_team":{"id":17,"abbreviation":"MIL","city":"Milwaukee","conference":"East","division":"Central","full_name":"Milwaukee Bucks","name":"Bucks"},"visitor_team_score":112},{"id":473882,"date":"2021-12-22T00:00:00.000Z","home_team":{"id":17,"abbreviation":"MIL","city":"Milwaukee","conference":"East","division":"Central","full_name":"Milwaukee Bucks","name":"Bucks"},"home_team_score":126,"period":4,"postseason":false,"season":2021,"status":"Final","time":"","visitor_team":{"id":11,"abbreviation":"HOU","city":"Houston","conference":"West","division":"Southwest","full_name":"Houston Rockets","name":"Rockets"},"visitor_team_score":106},{"id":473934,"date":"2021-12-30T00:00:00.000Z","home_team":{"id":22,"abbreviation":"ORL","city":"Orlando","conference":"East","division":"Southeast","full_name":"Orlando Magic","name":"Magic"},"home_team_score":118,"period":4,"postseason":false,"season":2021,"status":"Final","time":"","visitor_team":{"id":17,"abbreviation":"MIL","city":"Milwaukee","conference":"East","division":"Central","full_name":"Milwaukee Bucks","name":"Bucks"},"visitor_team_score":136},{"id":474522,"date":"2022-03-26T00:00:00.000Z","home_team":{"id":15,"abbreviation":"MEM","city":"Memphis","conference":"West","division":"Southwest","full_name":"Memphis Grizzlies","name":"Grizzlies"},"home_team_score":127,"period":4,"postseason":false,"season":2021,"status":"Final","time":"","visitor_team":{"id":17,"abbreviation":"MIL","city":"Milwaukee","conference":"East","division":"Central","full_name":"Milwaukee Bucks","name":"Bucks"},"visitor_team_score":102},{"id":473488,"date":"2021-10-30T00:00:00.000Z","home_team":{"id":17,"abbreviation":"MIL","city":"Milwaukee","conference":"East","division":"Central","full_name":"Milwaukee Bucks","name":"Bucks"},"home_team_score":93,"period":4,"postseason":false,"season":2021,"status":"Final","time":"","visitor_team":{"id":27,"abbreviation":"SAS","city":"San Antonio","conference":"West","division":"Southwest","full_name":"San Antonio Spurs","name":"Spurs"},"visitor_team_score":102},{"id":474216,"date":"2022-02-06T00:00:00.000Z","home_team":{"id":13,"abbreviation":"LAC","city":"LA","conference":"West","division":"Pacific","full_name":"LA Clippers","name":"Clippers"},"home_team_score":113,"period":4,"postseason":false,"season":2021,"status":"Final","time":"","visitor_team":{"id":17,"abbreviation":"MIL","city":"Milwaukee","conference":"East","division":"Central","full_name":"Milwaukee Bucks","name":"Bucks"},"visitor_team_score":137},{"id":474360,"date":"2022-03-04T00:00:00.000Z","home_team":{"id":5,"abbreviation":"CHI","city":"Chicago","conference":"East","division":"Central","full_name":"Chicago Bulls","name":"Bulls"},"home_team_score":112,"period":4,"postseason":false,"season":2021,"status":"Final","time":"","visitor_team":{"id":17,"abbreviation":"MIL","city":"Milwaukee","conference":"East","division":"Central","full_name":"Milwaukee Bucks","name":"Bucks"},"visitor_team_score":118},{"id":473737,"date":"2021-12-02T00:00:00.000Z","home_team":{"id":28,"abbreviation":"TOR","city":"Toronto","conference":"East","division":"Atlantic","full_name":"Toronto Raptors","name":"Raptors"},"home_team_score":97,"period":4,"postseason":false,"season":2021,"status":"Final","time":"","visitor_team":{"id":17,"abbreviation":"MIL","city":"Milwaukee","conference":"East","division":"Central","full_name":"Milwaukee Bucks","name":"Bucks"},"visitor_team_score":93},{"id":473919,"date":"2021-12-28T00:00:00.000Z","home_team":{"id":22,"abbreviation":"ORL","city":"Orlando","conference":"East","division":"Southeast","full_name":"Orlando Magic","name":"Magic"},"home_team_score":110,"period":4,"postseason":false,"season":2021,"status":"Final","time":"","visitor_team":{"id":17,"abbreviation":"MIL","city":"Milwaukee","conference":"East","division":"Central","full_name":"Milwaukee Bucks","name":"Bucks"},"visitor_team_score":127},{"id":473603,"date":"2021-11-14T00:00:00.000Z","home_team":{"id":1,"abbreviation":"ATL","city":"Atlanta","conference":"East","division":"Southeast","full_name":"Atlanta Hawks","name":"Hawks"},"home_team_score":120,"period":4,"postseason":false,"season":2021,"status":"Final","time":"","visitor_team":{"id":17,"abbreviation":"MIL","city":"Milwaukee","conference":"East","division":"Central","full_name":"Milwaukee Bucks","name":"Bucks"},"visitor_team_score":100},{"id":473512,"date":"2021-11-02T00:00:00.000Z","home_team":{"id":9,"abbreviation":"DET","city":"Detroit","conference":"East","division":"Central","full_name":"Detroit Pistons","name":"Pistons"},"home_team_score":89,"period":4,"postseason":false,"season":2021,"status":"Final","time":"","visitor_team":{"id":17,"abbreviation":"MIL","city":"Milwaukee","conference":"East","division":"Central","full_name":"Milwaukee Bucks","name":"Bucks"},"visitor_team_score":117},{"id":473570,"date":"2021-11-10T00:00:00.000Z","home_team":{"id":20,"abbreviation":"NYK","city":"New York","conference":"East","division":"Atlantic","full_name":"New York Knicks","name":"Knicks"},"home_team_score":100,"period":4,"postseason":false,"season":2021,"status":"Final","time":"","visitor_team":{"id":17,"abbreviation":"MIL","city":"Milwaukee","conference":"East","division":"Central","full_name":"Milwaukee Bucks","name":"Bucks"},"visitor_team_score":112},{"id":474230,"date":"2022-02-08T00:00:00.000Z","home_team":{"id":14,"abbreviation":"LAL","city":"Los Angeles","conference":"West","division":"Pacific","full_name":"Los Angeles Lakers","name":"Lakers"},"home_team_score":116,"period":4,"postseason":false,"season":2021,"status":"Final","time":"","visitor_team":{"id":17,"abbreviation":"MIL","city":"Milwaukee","conference":"East","division":"Central","full_name":"Milwaukee Bucks","name":"Bucks"},"visitor_team_score":131},{"id":473638,"date":"2021-11-19T00:00:00.000Z","home_team":{"id":17,"abbreviation":"MIL","city":"Milwaukee","conference":"East","division":"Central","full_name":"Milwaukee Bucks","name":"Bucks"},"home_team_score":96,"period":4,"postseason":false,"season":2021,"status":"Final","time":"","visitor_team":{"id":21,"abbreviation":"OKC","city":"Oklahoma City","conference":"West","division":"Northwest","full_name":"Oklahoma City Thunder","name":"Thunder"},"visitor_team_score":89},{"id":474209,"date":"2022-02-05T00:00:00.000Z","home_team":{"id":25,"abbreviation":"POR","city":"Portland","conference":"West","division":"Northwest","full_name":"Portland Trail Blazers","name":"Trail Blazers"},"home_team_score":108,"period":4,"postseason":false,"season":2021,"status":"Final","time":"","visitor_team":{"id":17,"abbreviation":"MIL","city":"Milwaukee","conference":"East","division":"Central","full_name":"Milwaukee Bucks","name":"Bucks"},"visitor_team_score":137},{"id":474318,"date":"2022-02-26T00:00:00.000Z","home_team":{"id":17,"abbreviation":"MIL","city":"Milwaukee","conference":"East","division":"Central","full_name":"Milwaukee Bucks","name":"Bucks"},"home_team_score":123,"period":4,"postseason":false,"season":2021,"status":"Final","time":"","visitor_team":{"id":3,"abbreviation":"BKN","city":"Brooklyn","conference":"East","division":"Atlantic","full_name":"Brooklyn Nets","name":"Nets"},"visitor_team_score":126},{"id":474387,"date":"2022-03-08T00:00:00.000Z","home_team":{"id":21,"abbreviation":"OKC","city":"Oklahoma City","conference":"West","division":"Northwest","full_name":"Oklahoma City Thunder","name":"Thunder"},"home_team_score":115,"period":4,"postseason":false,"season":2021,"status":"Final","time":"","visitor_team":{"id":17,"abbreviation":"MIL","city":"Milwaukee","conference":"East","division":"Central","full_name":"Milwaukee Bucks","name":"Bucks"},"visitor_team_score":142},{"id":474417,"date":"2022-03-12T00:00:00.000Z","home_team":{"id":10,"abbreviation":"GSW","city":"Golden State","conference":"West","division":"Pacific","full_name":"Golden State Warriors","name":"Warriors"},"home_team_score":122,"period":4,"postseason":false,"season":2021,"status":"Final","time":"","visitor_team":{"id":17,"abbreviation":"MIL","city":"Milwaukee","conference":"East","division":"Central","full_name":"Milwaukee Bucks","name":"Bucks"},"visitor_team_score":109},{"id":473752,"date":"2021-12-04T00:00:00.000Z","home_team":{"id":17,"abbreviation":"MIL","city":"Milwaukee","conference":"East","division":"Central","full_name":"Milwaukee Bucks","name":"Bucks"},"home_team_score":124,"period":4,"postseason":false,"season":2021,"status":"Final","time":"","visitor_team":{"id":16,"abbreviation":"MIA","city":"Miami","conference":"East","division":"Southeast","full_name":"Miami Heat","name":"Heat"},"visitor_team_score":102},{"id":473967,"date":"2022-01-03T00:00:00.000Z","home_team":{"id":17,"abbreviation":"MIL","city":"Milwaukee","conference":"East","division":"Central","full_name":"Milwaukee Bucks","name":"Bucks"},"home_team_score":106,"period":4,"postseason":false,"season":2021,"status":"Final","time":"","visitor_team":{"id":9,"abbreviation":"DET","city":"Detroit","conference":"East","division":"Central","full_name":"Detroit Pistons","name":"Pistons"},"visitor_team_score":115},{"id":474068,"date":"2022-01-17T00:00:00.000Z","home_team":{"id":1,"abbreviation":"ATL","city":"Atlanta","conference":"East","division":"Southeast","full_name":"Atlanta Hawks","name":"Hawks"},"home_team_score":121,"period":4,"postseason":false,"season":2021,"status":"Final","time":"","visitor_team":{"id":17,"abbreviation":"MIL","city":"Milwaukee","conference":"East","division":"Central","full_name":"Milwaukee Bucks","name":"Bucks"},"visitor_team_score":114},{"id":474151,"date":"2022-01-28T00:00:00.000Z","home_team":{"id":17,"abbreviation":"MIL","city":"Milwaukee","conference":"East","division":"Central","full_name":"Milwaukee Bucks","name":"Bucks"},"home_team_score":123,"period":4,"postseason":false,"season":2021,"status":"Final","time":"","visitor_team":{"id":20,"abbreviation":"NYK","city":"New York","conference":"East","division":"Atlantic","full_name":"New York Knicks","name":"Knicks"},"visitor_team_score":108},{"id":474506,"date":"2022-03-24T00:00:00.000Z","home_team":{"id":17,"abbreviation":"MIL","city":"Milwaukee","conference":"East","division":"Central","full_name":"Milwaukee Bucks","name":"Bucks"},"home_team_score":114,"period":4,"postseason":false,"season":2021,"status":"Final","time":"","visitor_team":{"id":30,"abbreviation":"WAS","city":"Washington","conference":"East","division":"Southeast","full_name":"Washington Wizards","name":"Wizards"},"visitor_team_score":102},{"id":474540,"date":"2022-03-29T00:00:00.000Z","home_team":{"id":23,"abbreviation":"PHI","city":"Philadelphia","conference":"East","division":"Atlantic","full_name":"Philadelphia 76ers","name":"76ers"},"home_team_score":116,"period":4,"postseason":false,"season":2021,"status":"Final","time":"","visitor_team":{"id":17,"abbreviation":"MIL","city":"Milwaukee","conference":"East","division":"Central","full_name":"Milwaukee Bucks","name":"Bucks"},"visitor_team_score":118},{"id":473768,"date":"2021-12-06T00:00:00.000Z","home_team":{"id":17,"abbreviation":"MIL","city":"Milwaukee","conference":"East","division":"Central","full_name":"Milwaukee Bucks","name":"Bucks"},"home_team_score":112,"period":4,"postseason":false,"season":2021,"status":"Final","time":"","visitor_team":{"id":6,"abbreviation":"CLE","city":"Cleveland","conference":"East","division":"Central","full_name":"Cleveland Cavaliers","name":"Cavaliers"},"visitor_team_score":104},{"id":473818,"date":"2021-12-13T00:00:00.000Z","home_team":{"id":2,"abbreviation":"BOS","city":"Boston","conference":"East","division":"Atlantic","full_name":"Boston Celtics","name":"Celtics"},"home_team_score":117,"period":4,"postseason":false,"season":2021,"status":"Final","time":"","visitor_team":{"id":17,"abbreviation":"MIL","city":"Milwaukee","conference":"East","division":"Central","full_name":"Milwaukee Bucks","name":"Bucks"},"visitor_team_score":103},{"id":473830,"date":"2021-12-15T00:00:00.000Z","home_team":{"id":17,"abbreviation":"MIL","city":"Milwaukee","conference":"East","division":"Central","full_name":"Milwaukee Bucks","name":"Bucks"},"home_team_score":114,"period":4,"postseason":false,"season":2021,"status":"Final","time":"","visitor_team":{"id":12,"abbreviation":"IND","city":"Indiana","conference":"East","division":"Central","full_name":"Indiana Pacers","name":"Pacers"},"visitor_team_score":99},{"id":474017,"date":"2022-01-10T00:00:00.000Z","home_team":{"id":4,"abbreviation":"CHA","city":"Charlotte","conference":"East","division":"Southeast","full_name":"Charlotte Hornets","name":"Hornets"},"home_team_score":103,"period":4,"postseason":false,"season":2021,"status":"Final","time":"","visitor_team":{"id":17,"abbreviation":"MIL","city":"Milwaukee","conference":"East","division":"Central","full_name":"Milwaukee Bucks","name":"Bucks"},"visitor_team_score":99},{"id":474056,"date":"2022-01-15T00:00:00.000Z","home_team":{"id":17,"abbreviation":"MIL","city":"Milwaukee","conference":"East","division":"Central","full_name":"Milwaukee Bucks","name":"Bucks"},"home_team_score":96,"period":4,"postseason":false,"season":2021,"status":"Final","time":"","visitor_team":{"id":28,"abbreviation":"TOR","city":"Toronto","conference":"East","division":"Atlantic","full_name":"Toronto Raptors","name":"Raptors"},"visitor_team_score":103},{"id":474177,"date":"2022-02-01T00:00:00.000Z","home_team":{"id":17,"abbreviation":"MIL","city":"Milwaukee","conference":"East","division":"Central","full_name":"Milwaukee Bucks","name":"Bucks"},"home_team_score":112,"period":4,"postseason":false,"season":2021,"status":"Final","time":"","visitor_team":{"id":30,"abbreviation":"WAS","city":"Washington","conference":"East","division":"Southeast","full_name":"Washington Wizards","name":"Wizards"},"visitor_team_score":98},{"id":474280,"date":"2022-02-15T00:00:00.000Z","home_team":{"id":17,"abbreviation":"MIL","city":"Milwaukee","conference":"East","division":"Central","full_name":"Milwaukee Bucks","name":"Bucks"},"home_team_score":128,"period":4,"postseason":false,"season":2021,"status":"Final","time":"","visitor_team":{"id":12,"abbreviation":"IND","city":"Indiana","conference":"East","division":"Central","full_name":"Indiana Pacers","name":"Pacers"},"visitor_team_score":119},{"id":474491,"date":"2022-03-22T00:00:00.000Z","home_team":{"id":17,"abbreviation":"MIL","city":"Milwaukee","conference":"East","division":"Central","full_name":"Milwaukee Bucks","name":"Bucks"},"home_team_score":126,"period":4,"postseason":false,"season":2021,"status":"Final","time":"","visitor_team":{"id":5,"abbreviation":"CHI","city":"Chicago","conference":"East","division":"Central","full_name":"Chicago Bulls","name":"Bulls"},"visitor_team_score":98},{"id":473848,"date":"2021-12-17T00:00:00.000Z","home_team":{"id":19,"abbreviation":"NOP","city":"New Orleans","conference":"West","division":"Southwest","full_name":"New Orleans Pelicans","name":"Pelicans"},"home_team_score":116,"period":5,"postseason":false,"season":2021,"status":"Final","time":"","visitor_team":{"id":17,"abbreviation":"MIL","city":"Milwaukee","conference":"East","division":"Central","full_name":"Milwaukee Bucks","name":"Bucks"},"visitor_team_score":112},{"id":473887,"date":"2021-12-23T00:00:00.000Z","home_team":{"id":7,"abbreviation":"DAL","city":"Dallas","conference":"West","division":"Southwest","full_name":"Dallas Mavericks","name":"Mavericks"},"home_team_score":95,"period":4,"postseason":false,"season":2021,"status":"Final","time":"","visitor_team":{"id":17,"abbreviation":"MIL","city":"Milwaukee","conference":"East","division":"Central","full_name":"Milwaukee Bucks","name":"Bucks"},"visitor_team_score":102},{"id":474467,"date":"2022-03-19T00:00:00.000Z","home_team":{"id":18,"abbreviation":"MIN","city":"Minnesota","conference":"West","division":"Northwest","full_name":"Minnesota Timberwolves","name":"Timberwolves"},"home_team_score":138,"period":4,"postseason":false,"season":2021,"status":"Final","time":"","visitor_team":{"id":17,"abbreviation":"MIL","city":"Milwaukee","conference":"East","division":"Central","full_name":"Milwaukee Bucks","name":"Bucks"},"visitor_team_score":119},{"id":473896,"date":"2021-12-25T00:00:00.000Z","home_team":{"id":17,"abbreviation":"MIL","city":"Milwaukee","conference":"East","division":"Central","full_name":"Milwaukee Bucks","name":"Bucks"},"home_team_score":117,"period":4,"postseason":false,"season":2021,"status":"Final","time":"","visitor_team":{"id":2,"abbreviation":"BOS","city":"Boston","conference":"East","division":"Atlantic","full_name":"Boston Celtics","name":"Celtics"},"visitor_team_score":113},{"id":474004,"date":"2022-01-08T00:00:00.000Z","home_team":{"id":4,"abbreviation":"CHA","city":"Charlotte","conference":"East","division":"Southeast","full_name":"Charlotte Hornets","name":"Hornets"},"home_team_score":114,"period":4,"postseason":false,"season":2021,"status":"Final","time":"","visitor_team":{"id":17,"abbreviation":"MIL","city":"Milwaukee","conference":"East","division":"Central","full_name":"Milwaukee Bucks","name":"Bucks"},"visitor_team_score":106},{"id":474035,"date":"2022-01-13T00:00:00.000Z","home_team":{"id":17,"abbreviation":"MIL","city":"Milwaukee","conference":"East","division":"Central","full_name":"Milwaukee Bucks","name":"Bucks"},"home_team_score":118,"period":4,"postseason":false,"season":2021,"status":"Final","time":"","visitor_team":{"id":10,"abbreviation":"GSW","city":"Golden State","conference":"West","division":"Pacific","full_name":"Golden State Warriors","name":"Warriors"},"visitor_team_score":99},{"id":474241,"date":"2022-02-10T00:00:00.000Z","home_team":{"id":24,"abbreviation":"PHX","city":"Phoenix","conference":"West","division":"Pacific","full_name":"Phoenix Suns","name":"Suns"},"home_team_score":131,"period":4,"postseason":false,"season":2021,"status":"Final","time":"","visitor_team":{"id":17,"abbreviation":"MIL","city":"Milwaukee","conference":"East","division":"Central","full_name":"Milwaukee Bucks","name":"Bucks"},"visitor_team_score":107},{"id":474266,"date":"2022-02-14T00:00:00.000Z","home_team":{"id":17,"abbreviation":"MIL","city":"Milwaukee","conference":"East","division":"Central","full_name":"Milwaukee Bucks","name":"Bucks"},"home_team_score":107,"period":4,"postseason":false,"season":2021,"status":"Final","time":"","visitor_team":{"id":25,"abbreviation":"POR","city":"Portland","conference":"West","division":"Northwest","full_name":"Portland Trail Blazers","name":"Trail Blazers"},"visitor_team_score":122},{"id":474389,"date":"2022-03-09T00:00:00.000Z","home_team":{"id":17,"abbreviation":"MIL","city":"Milwaukee","conference":"East","division":"Central","full_name":"Milwaukee Bucks","name":"Bucks"},"home_team_score":124,"period":4,"postseason":false,"season":2021,"status":"Final","time":"","visitor_team":{"id":1,"abbreviation":"ATL","city":"Atlanta","conference":"East","division":"Southeast","full_name":"Atlanta Hawks","name":"Hawks"},"visitor_team_score":115},{"id":474342,"date":"2022-03-02T00:00:00.000Z","home_team":{"id":17,"abbreviation":"MIL","city":"Milwaukee","conference":"East","division":"Central","full_name":"Milwaukee Bucks","name":"Bucks"},"home_team_score":120,"period":4,"postseason":false,"season":2021,"status":"Final","time":"Final","visitor_team":{"id":16,"abbreviation":"MIA","city":"Miami","conference":"East","division":"Southeast","full_name":"Miami Heat","name":"Heat"},"visitor_team_score":119},{"id":473948,"date":"2022-01-01T00:00:00.000Z","home_team":{"id":17,"abbreviation":"MIL","city":"Milwaukee","conference":"East","division":"Central","full_name":"Milwaukee Bucks","name":"Bucks"},"home_team_score":136,"period":4,"postseason":false,"season":2021,"status":"Final","time":"","visitor_team":{"id":19,"abbreviation":"NOP","city":"New Orleans","conference":"West","division":"Southwest","full_name":"New Orleans Pelicans","name":"Pelicans"},"visitor_team_score":113},{"id":474092,"date":"2022-01-21T00:00:00.000Z","home_team":{"id":17,"abbreviation":"MIL","city":"Milwaukee","conference":"East","division":"Central","full_name":"Milwaukee Bucks","name":"Bucks"},"home_team_score":94,"period":4,"postseason":false,"season":2021,"status":"Final","time":"","visitor_team":{"id":5,"abbreviation":"CHI","city":"Chicago","conference":"East","division":"Central","full_name":"Chicago Bulls","name":"Bulls"},"visitor_team_score":90},{"id":474293,"date":"2022-02-17T00:00:00.000Z","home_team":{"id":17,"abbreviation":"MIL","city":"Milwaukee","conference":"East","division":"Central","full_name":"Milwaukee Bucks","name":"Bucks"},"home_team_score":120,"period":4,"postseason":false,"season":2021,"status":"Final","time":"","visitor_team":{"id":23,"abbreviation":"PHI","city":"Philadelphia","conference":"East","division":"Atlantic","full_name":"Philadelphia 76ers","name":"76ers"},"visitor_team_score":123},{"id":474328,"date":"2022-02-28T00:00:00.000Z","home_team":{"id":17,"abbreviation":"MIL","city":"Milwaukee","conference":"East","division":"Central","full_name":"Milwaukee Bucks","name":"Bucks"},"home_team_score":130,"period":4,"postseason":false,"season":2021,"status":"Final","time":"","visitor_team":{"id":4,"abbreviation":"CHA","city":"Charlotte","conference":"East","division":"Southeast","full_name":"Charlotte Hornets","name":"Hornets"},"visitor_team_score":106},{"id":474431,"date":"2022-03-14T00:00:00.000Z","home_team":{"id":29,"abbreviation":"UTA","city":"Utah","conference":"West","division":"Northwest","full_name":"Utah Jazz","name":"Jazz"},"home_team_score":111,"period":4,"postseason":false,"season":2021,"status":"Final","time":"Final","visitor_team":{"id":17,"abbreviation":"MIL","city":"Milwaukee","conference":"East","division":"Central","full_name":"Milwaukee Bucks","name":"Bucks"},"visitor_team_score":117},{"id":474451,"date":"2022-03-16T00:00:00.000Z","home_team":{"id":26,"abbreviation":"SAC","city":"Sacramento","conference":"West","division":"Pacific","full_name":"Sacramento Kings","name":"Kings"},"home_team_score":126,"period":4,"postseason":false,"season":2021,"status":"Final","time":"","visitor_team":{"id":17,"abbreviation":"MIL","city":"Milwaukee","conference":"East","division":"Central","full_name":"Milwaukee Bucks","name":"Bucks"},"visitor_team_score":135},{"id":465593,"date":"2021-08-15T00:00:00.000Z","home_team":{"id":30,"abbreviation":"WAS","city":"Washington","conference":"East","division":"Southeast","full_name":"Washington Wizards","name":"Wizards"},"home_team_score":93,"period":4,"postseason":false,"season":2021,"status":"Final","time":"","visitor_team":{"id":17,"abbreviation":"MIL","city":"Milwaukee","conference":"East","division":"Central","full_name":"Milwaukee Bucks","name":"Bucks"},"visitor_team_score":83},{"id":474160,"date":"2022-01-30T00:00:00.000Z","home_team":{"id":17,"abbreviation":"MIL","city":"Milwaukee","conference":"East","division":"Central","full_name":"Milwaukee Bucks","name":"Bucks"},"home_team_score":100,"period":4,"postseason":false,"season":2021,"status":"Final","time":"","visitor_team":{"id":8,"abbreviation":"DEN","city":"Denver","conference":"West","division":"Northwest","full_name":"Denver Nuggets","name":"Nuggets"},"visitor_team_score":136},{"id":474372,"date":"2022-03-06T00:00:00.000Z","home_team":{"id":17,"abbreviation":"MIL","city":"Milwaukee","conference":"East","division":"Central","full_name":"Milwaukee Bucks","name":"Bucks"},"home_team_score":132,"period":4,"postseason":false,"season":2021,"status":"Final","time":"","visitor_team":{"id":24,"abbreviation":"PHX","city":"Phoenix","conference":"West","division":"Pacific","full_name":"Phoenix Suns","name":"Suns"},"visitor_team_score":122},{"id":473734,"date":"2021-12-01T00:00:00.000Z","home_team":{"id":17,"abbreviation":"MIL","city":"Milwaukee","conference":"East","division":"Central","full_name":"Milwaukee Bucks","name":"Bucks"},"home_team_score":127,"period":4,"postseason":false,"season":2021,"status":"Final","time":"","visitor_team":{"id":4,"abbreviation":"CHA","city":"Charlotte","conference":"East","division":"Southeast","full_name":"Charlotte Hornets","name":"Hornets"},"visitor_team_score":125},{"id":473410,"date":"2021-10-19T00:00:00.000Z","home_team":{"id":17,"abbreviation":"MIL","city":"Milwaukee","conference":"East","division":"Central","full_name":"Milwaukee Bucks","name":"Bucks"},"home_team_score":127,"period":4,"postseason":false,"season":2021,"status":"Final","time":"","visitor_team":{"id":3,"abbreviation":"BKN","city":"Brooklyn","conference":"East","division":"Atlantic","full_name":"Brooklyn Nets","name":"Nets"},"visitor_team_score":104},{"id":467896,"date":"2021-08-16T00:00:00.000Z","home_team":{"id":8,"abbreviation":"DEN","city":"Denver","conference":"West","division":"Northwest","full_name":"Denver Nuggets","name":"Nuggets"},"home_team_score":94,"period":4,"postseason":false,"season":2021,"status":"Final","time":"","visitor_team":{"id":17,"abbreviation":"MIL","city":"Milwaukee","conference":"East","division":"Central","full_name":"Milwaukee Bucks","name":"Bucks"},"visitor_team_score":87},{"id":474575,"date":"2022-04-03T00:00:00.000Z","home_team":{"id":17,"abbreviation":"MIL","city":"Milwaukee","conference":"East","division":"Central","full_name":"Milwaukee Bucks","name":"Bucks"},"home_team_score":112,"period":4,"postseason":false,"season":2021,"status":"Final","time":"","visitor_team":{"id":7,"abbreviation":"DAL","city":"Dallas","conference":"West","division":"Southwest","full_name":"Dallas Mavericks","name":"Mavericks"},"visitor_team_score":118},{"id":474591,"date":"2022-04-05T00:00:00.000Z","home_team":{"id":5,"abbreviation":"CHI","city":"Chicago","conference":"East","division":"Central","full_name":"Chicago Bulls","name":"Bulls"},"home_team_score":106,"period":4,"postseason":false,"season":2021,"status":"Final","time":"","visitor_team":{"id":17,"abbreviation":"MIL","city":"Milwaukee","conference":"East","division":"Central","full_name":"Milwaukee Bucks","name":"Bucks"},"visitor_team_score":127},{"id":474608,"date":"2022-04-07T00:00:00.000Z","home_team":{"id":17,"abbreviation":"MIL","city":"Milwaukee","conference":"East","division":"Central","full_name":"Milwaukee Bucks","name":"Bucks"},"home_team_score":127,"period":4,"postseason":false,"season":2021,"status":"Final","time":"","visitor_team":{"id":2,"abbreviation":"BOS","city":"Boston","conference":"East","division":"Atlantic","full_name":"Boston Celtics","name":"Celtics"},"visitor_team_score":121},{"id":452667,"date":"2021-08-09T00:00:00.000Z","home_team":{"id":17,"abbreviation":"MIL","city":"Milwaukee","conference":"East","division":"Central","full_name":"Milwaukee Bucks","name":"Bucks"},"home_team_score":81,"period":4,"postseason":false,"season":2021,"status":"Final","time":"","visitor_team":{"id":13,"abbreviation":"LAC","city":"LA","conference":"West","division":"Pacific","full_name":"LA Clippers","name":"Clippers"},"visitor_team_score":78},{"id":473982,"date":"2022-01-05T00:00:00.000Z","home_team":{"id":17,"abbreviation":"MIL","city":"Milwaukee","conference":"East","division":"Central","full_name":"Milwaukee Bucks","name":"Bucks"},"home_team_score":111,"period":4,"postseason":false,"season":2021,"status":"Final","time":"","visitor_team":{"id":28,"abbreviation":"TOR","city":"Toronto","conference":"East","division":"Atlantic","full_name":"Toronto Raptors","name":"Raptors"},"visitor_team_score":117},{"id":473991,"date":"2022-01-07T00:00:00.000Z","home_team":{"id":3,"abbreviation":"BKN","city":"Brooklyn","conference":"East","division":"Atlantic","full_name":"Brooklyn Nets","name":"Nets"},"home_team_score":109,"period":4,"postseason":false,"season":2021,"status":"Final","time":"","visitor_team":{"id":17,"abbreviation":"MIL","city":"Milwaukee","conference":"East","division":"Central","full_name":"Milwaukee Bucks","name":"Bucks"},"visitor_team_score":121},{"id":474131,"date":"2022-01-26T00:00:00.000Z","home_team":{"id":6,"abbreviation":"CLE","city":"Cleveland","conference":"East","division":"Central","full_name":"Cleveland Cavaliers","name":"Cavaliers"},"home_team_score":115,"period":4,"postseason":false,"season":2021,"status":"Final","time":"","visitor_team":{"id":17,"abbreviation":"MIL","city":"Milwaukee","conference":"East","division":"Central","full_name":"Milwaukee Bucks","name":"Bucks"},"visitor_team_score":99},{"id":474616,"date":"2022-04-08T00:00:00.000Z","home_team":{"id":9,"abbreviation":"DET","city":"Detroit","conference":"East","division":"Central","full_name":"Detroit Pistons","name":"Pistons"},"home_team_score":101,"period":4,"postseason":false,"season":2021,"status":"Final","time":"","visitor_team":{"id":17,"abbreviation":"MIL","city":"Milwaukee","conference":"East","division":"Central","full_name":"Milwaukee Bucks","name":"Bucks"},"visitor_team_score":131},{"id":474558,"date":"2022-03-31T00:00:00.000Z","home_team":{"id":3,"abbreviation":"BKN","city":"Brooklyn","conference":"East","division":"Atlantic","full_name":"Brooklyn Nets","name":"Nets"},"home_team_score":119,"period":5,"postseason":false,"season":2021,"status":"Final","time":"","visitor_team":{"id":17,"abbreviation":"MIL","city":"Milwaukee","conference":"East","division":"Central","full_name":"Milwaukee Bucks","name":"Bucks"},"visitor_team_score":120},{"id":835842,"date":"2022-04-20T00:00:00.000Z","home_team":{"id":17,"abbreviation":"MIL","city":"Milwaukee","conference":"East","division":"Central","full_name":"Milwaukee Bucks","name":"Bucks"},"home_team_score":110,"period":4,"postseason":true,"season":2021,"status":"Final","time":"","visitor_team":{"id":5,"abbreviation":"CHI","city":"Chicago","conference":"East","division":"Central","full_name":"Chicago Bulls","name":"Bulls"},"visitor_team_score":114},{"id":832819,"date":"2022-04-17T00:00:00.000Z","home_team":{"id":17,"abbreviation":"MIL","city":"Milwaukee","conference":"East","division":"Central","full_name":"Milwaukee Bucks","name":"Bucks"},"home_team_score":93,"period":4,"postseason":true,"season":2021,"status":"Final","time":"","visitor_team":{"id":5,"abbreviation":"CHI","city":"Chicago","conference":"East","division":"Central","full_name":"Chicago Bulls","name":"Bulls"},"visitor_team_score":86},{"id":474561,"date":"2022-04-01T00:00:00.000Z","home_team":{"id":17,"abbreviation":"MIL","city":"Milwaukee","conference":"East","division":"Central","full_name":"Milwaukee Bucks","name":"Bucks"},"home_team_score":119,"period":4,"postseason":false,"season":2021,"status":"Final","time":"","visitor_team":{"id":13,"abbreviation":"LAC","city":"LA","conference":"West","division":"Pacific","full_name":"LA Clippers","name":"Clippers"},"visitor_team_score":153},{"id":474625,"date":"2022-04-10T00:00:00.000Z","home_team":{"id":6,"abbreviation":"CLE","city":"Cleveland","conference":"East","division":"Central","full_name":"Cleveland Cavaliers","name":"Cavaliers"},"home_team_score":133,"period":4,"postseason":false,"season":2021,"status":"Final","time":"","visitor_team":{"id":17,"abbreviation":"MIL","city":"Milwaukee","conference":"East","division":"Central","full_name":"Milwaukee Bucks","name":"Bucks"},"visitor_team_score":115},{"id":837570,"date":"2022-04-22T00:00:00.000Z","home_team":{"id":5,"abbreviation":"CHI","city":"Chicago","conference":"East","division":"Central","full_name":"Chicago Bulls","name":"Bulls"},"home_team_score":81,"period":4,"postseason":true,"season":2021,"status":"Final","time":"","visitor_team":{"id":17,"abbreviation":"MIL","city":"Milwaukee","conference":"East","division":"Central","full_name":"Milwaukee Bucks","name":"Bucks"},"visitor_team_score":111},{"id":842465,"date":"2022-04-27T00:00:00.000Z","home_team":{"id":17,"abbreviation":"MIL","city":"Milwaukee","conference":"East","division":"Central","full_name":"Milwaukee Bucks","name":"Bucks"},"home_team_score":116,"period":4,"postseason":true,"season":2021,"status":"Final","time":"","visitor_team":{"id":5,"abbreviation":"CHI","city":"Chicago","conference":"East","division":"Central","full_name":"Chicago Bulls","name":"Bulls"},"visitor_team_score":100},{"id":839443,"date":"2022-04-24T00:00:00.000Z","home_team":{"id":5,"abbreviation":"CHI","city":"Chicago","conference":"East","division":"Central","full_name":"Chicago Bulls","name":"Bulls"},"home_team_score":95,"period":4,"postseason":true,"season":2021,"status":"Final","time":"","visitor_team":{"id":17,"abbreviation":"MIL","city":"Milwaukee","conference":"East","division":"Central","full_name":"Milwaukee Bucks","name":"Bucks"},"visitor_team_score":119},{"id":844654,"date":"2022-05-01T00:00:00.000Z","home_team":{"id":2,"abbreviation":"BOS","city":"Boston","conference":"East","division":"Atlantic","full_name":"Boston Celtics","name":"Celtics"},"home_team_score":89,"period":4,"postseason":true,"season":2021,"status":"Final","time":"","visitor_team":{"id":17,"abbreviation":"MIL","city":"Milwaukee","conference":"East","division":"Central","full_name":"Milwaukee Bucks","name":"Bucks"},"visitor_team_score":101},{"id":845520,"date":"2022-05-03T00:00:00.000Z","home_team":{"id":2,"abbreviation":"BOS","city":"Boston","conference":"East","division":"Atlantic","full_name":"Boston Celtics","name":"Celtics"},"home_team_score":109,"period":4,"postseason":true,"season":2021,"status":"Final","time":"","visitor_team":{"id":17,"abbreviation":"MIL","city":"Milwaukee","conference":"East","division":"Central","full_name":"Milwaukee Bucks","name":"Bucks"},"visitor_team_score":86},{"id":847246,"date":"2022-05-07T00:00:00.000Z","home_team":{"id":17,"abbreviation":"MIL","city":"Milwaukee","conference":"East","division":"Central","full_name":"Milwaukee Bucks","name":"Bucks"},"home_team_score":103,"period":4,"postseason":true,"season":2021,"status":"Final","time":"","visitor_team":{"id":2,"abbreviation":"BOS","city":"Boston","conference":"East","division":"Atlantic","full_name":"Boston Celtics","name":"Celtics"},"visitor_team_score":101},{"id":851563,"date":"2022-05-15T00:00:00.000Z","home_team":{"id":2,"abbreviation":"BOS","city":"Boston","conference":"East","division":"Atlantic","full_name":"Boston Celtics","name":"Celtics"},"home_team_score":109,"period":4,"postseason":true,"season":2021,"status":"Final","time":"","visitor_team":{"id":17,"abbreviation":"MIL","city":"Milwaukee","conference":"East","division":"Central","full_name":"Milwaukee Bucks","name":"Bucks"},"visitor_team_score":81},{"id":849550,"date":"2022-05-11T00:00:00.000Z","home_team":{"id":2,"abbreviation":"BOS","city":"Boston","conference":"East","division":"Atlantic","full_name":"Boston Celtics","name":"Celtics"},"home_team_score":107,"period":4,"postseason":true,"season":2021,"status":"Final","time":"","visitor_team":{"id":17,"abbreviation":"MIL","city":"Milwaukee","conference":"East","division":"Central","full_name":"Milwaukee Bucks","name":"Bucks"},"visitor_team_score":110},{"id":850702,"date":"2022-05-13T00:00:00.000Z","home_team":{"id":17,"abbreviation":"MIL","city":"Milwaukee","conference":"East","division":"Central","full_name":"Milwaukee Bucks","name":"Bucks"},"home_team_score":95,"period":4,"postseason":true,"season":2021,"status":"Final","time":"","visitor_team":{"id":2,"abbreviation":"BOS","city":"Boston","conference":"East","division":"Atlantic","full_name":"Boston Celtics","name":"Celtics"},"visitor_team_score":108},{"id":848397,"date":"2022-05-09T00:00:00.000Z","home_team":{"id":17,"abbreviation":"MIL","city":"Milwaukee","conference":"East","division":"Central","full_name":"Milwaukee Bucks","name":"Bucks"},"home_team_score":108,"period":4,"postseason":true,"season":2021,"status":"Final","time":"","visitor_team":{"id":2,"abbreviation":"BOS","city":"Boston","conference":"East","division":"Atlantic","full_name":"Boston Celtics","name":"Celtics"},"visitor_team_score":116}],"meta":{"total_pages":1,"current_page":1,"next_page":null,"per_page":100,"total_count":100}}