{"data":[{"id":459139,"date":"2021-08-12T00:00:00.000Z","home_team":{"id":8,"abbreviation":"DEN","city":"Denver","conference":"West","division":"Northwest","full_name":"Denver Nuggets","name":"Nuggets"},"home_team_score":84,"period":4,"postseason":false,"season":2021,"status":"Final","time":"","visitor_team":{"id":24,"abbreviation":"PHX","city":"Phoenix","conference":"West","division":"Pacific","full_name":"Phoenix Suns","name":"Suns"},"visitor_team_score":90},{"id":473363,"date":"2021-10-04T00:00:00.000Z","home_team":{"id":26,"abbreviation":"SAC","city":"Sacramento","conference":"West","division":"Pacific","full_name":"Sacramento Kings","name":"Kings"},"home_team_score":117,"period":4,"postseason":false,"season":2021,"status":"Final","time":"","visitor_team":{"id":24,"abbreviation":"PHX","city":"Phoenix","conference":"West","division":"Pacific","full_name":"Phoenix Suns","name":"Suns"},"visitor_team_score":106},{"id":473514,"date":"2021-11-02T00:00:00.000Z","home_team":{"id":24,"abbreviation":"PHX","city":"Phoenix","conference":"West","division":"Pacific","full_name":"Phoenix Suns","name":"Suns"},"home_team_score":112,"period":4,"postseason":false,"season":2021,"status":"Final","time":"","visitor_team":{"id":19,"abbreviation":"NOP","city":"New Orleans","conference":"West","division":"Southwest","full_name":"New Orleans Pelicans","name":"Pelicans"},"visitor_team_score":100},{"id":473576,"date":"2021-11-10T00:00:00.000Z","home_team":{"id":24,"abbreviation":"PHX","city":"Phoenix","conference":"West","division":"Pacific","full_name":"Phoenix Suns","name":"Suns"},"home_team_score":119,"period":4,"postseason":false,"season":2021,"status":"Final","time":"","visitor_team":{"id":25,"abbreviation":"POR","city":"Portland","conference":"West","division":"Northwest","full_name":"Portland Trail Blazers","name":"Trail Blazers"},"visitor_team_score":109},{"id":473610,"date":"2021-11-15T00:00:00.000Z","home_team":{"id":18,"abbreviation":"MIN","city":"Minnesota","conference":"West","division":"Northwest","full_name":"Minnesota Timberwolves","name":"Timberwolves"},"home_team_score":96,"period":4,"postseason":false,"season":2021,"status":"Final","time":"","visitor_team":{"id":24,"abbreviation":"PHX","city":"Phoenix","conference":"West","division":"Pacific","full_name":"Phoenix Suns","name":"Suns"},"visitor_team_score":99},{"id":473630,"date":"2021-11-17T00:00:00.000Z","home_team":{"id":24,"abbreviation":"PHX","city":"Phoenix","conference":"West","division":"Pacific","full_name":"Phoenix Suns","name":"Suns"},"home_team_score":105,"period":4,"postseason":false,"season":2021,"status":"Final","time":"","visitor_team":{"id":7,"abbreviation":"DAL","city":"Dallas","conference":"West","division":"Southwest","full_name":"Dallas Mavericks","name":"Mavericks"},"visitor_team_score":98},{"id":473691,"date":"2021-11-26T00:00:00.000Z","home_team":{"id":20,"abbreviation":"NYK","city":"New York","conference":"East","division":"Atlantic","full_name":"New York Knicks","name":"Knicks"},"home_team_score":97,"period":4,"postseason":false,"season":2021,"status":"Final","time":"","visitor_team":{"id":24,"abbreviation":"PHX","city":"Phoenix","conference":"West","division":"Pacific","full_name":"Phoenix Suns","name":"Suns"},"visitor_team_score":118},{"id":473813,"date":"2021-12-13T00:00:00.000Z","home_team":{"id":13,"abbreviation":"LAC","city":"LA","conference":"West","division":"Pacific","full_name":"LA Clippers","name":"Clippers"},"home_team_score":111,"period":4,"postseason":false,"season":2021,"status":"Final","time":"","visitor_team":{"id":24,"abbreviation":"PHX","city":"Phoenix","conference":"West","division":"Pacific","full_name":"Phoenix Suns","name":"Suns"},"visitor_team_score":95},{"id":474072,"date":"2022-01-17T00:00:00.000Z","home_team":{"id":27,"abbreviation":"SAS","city":"San Antonio","conference":"West","division":"Southwest","full_name":"San Antonio Spurs","name":"Spurs"},"home_team_score":107,"period":4,"postseason":false,"season":2021,"status":"Final","time":"","visitor_team":{"id":24,"abbreviation":"PHX","city":"Phoenix","conference":"West","division":"Pacific","full_name":"Phoenix Suns","name":"Suns"},"visitor_team_score":121},{"id":473441,"date":"2021-10-23T00:00:00.000Z","home_team":{"id":25,"abbreviation":"POR","city":"Portland","conference":"West","division":"Northwest","full_name":"Portland Trail Blazers","name":"Trail Blazers"},"home_team_score":134,"period":4,"postseason":false,"season":2021,"status":"Final","time":"","visitor_team":{"id":24,"abbreviation":"PHX","city":"Phoenix","conference":"West","division":"Pacific","full_name":"Phoenix Suns","name":"Suns"},"visitor_team_score":105},{"id":473421,"date":"2021-10-20T00:00:00.000Z","home_team":{"id":24,"abbreviation":"PHX","city":"Phoenix","conference":"West","division":"Pacific","full_name":"Phoenix Suns","name":"Suns"},"home_team_score":98,"period":4,"postseason":false,"season":2021,"status":"Final","time":"","visitor_team":{"id":8,"abbreviation":"DEN","city":"Denver","conference":"West","division":"Northwest","full_name":"Denver Nuggets","name":"Nuggets"},"visitor_team_score":110},{"id":473605,"date":"2021-11-14T00:00:00.000Z","home_team":{"id":11,"abbreviation":"HOU","city":"Houston","conference":"West","division":"Southwest","full_name":"Houston Rockets","name":"Rockets"},"home_team_score":89,"period":4,"postseason":false,"season":2021,"status":"Final","time":"","visitor_team":{"id":24,"abbreviation":"PHX","city":"Phoenix","conference":"West","division":"Pacific","full_name":"Phoenix Suns","name":"Suns"},"visitor_team_score":115},{"id":473546,"date":"2021-11-06T00:00:00.000Z","home_team":{"id":24,"abbreviation":"PHX","city":"Phoenix","conference":"West","division":"Pacific","full_name":"Phoenix Suns","name":"Suns"},"home_team_score":121,"period":4,"postseason":false,"season":2021,"status":"Final","time":"","visitor_team":{"id":1,"abbreviation":"ATL","city":"Atlanta","conference":"East","division":"Southeast","full_name":"Atlanta Hawks","name":"Hawks"},"visitor_team_score":117},{"id":473559,"date":"2021-11-08T00:00:00.000Z","home_team":{"id":26,"abbreviation":"SAC","city":"Sacramento","conference":"West","division":"Pacific","full_name":"Sacramento Kings","name":"Kings"},"home_team_score":104,"period":4,"postseason":false,"season":2021,"status":"Final","time":"","visitor_team":{"id":24,"abbreviation":"PHX","city":"Phoenix","conference":"West","division":"Pacific","full_name":"Phoenix Suns","name":"Suns"},"visitor_team_score":109},{"id":473496,"date":"2021-10-30T00:00:00.000Z","home_team":{"id":24,"abbreviation":"PHX","city":"Phoenix","conference":"West","division":"Pacific","full_name":"Phoenix Suns","name":"Suns"},"home_team_score":101,"period":4,"postseason":false,"season":2021,"status":"Final","time":"","visitor_team":{"id":6,"abbreviation":"CLE","city":"Cleveland","conference":"East","division":"Central","full_name":"Cleveland Cavaliers","name":"Cavaliers"},"visitor_team_score":92},{"id":474044,"date":"2022-01-14T00:00:00.000Z","home_team":{"id":12,"abbreviation":"IND","city":"Indiana","conference":"East","division":"Central","full_name":"Indiana Pacers","name":"Pacers"},"home_team_score":94,"period":4,"postseason":false,"season":2021,"status":"Final","time":"","visitor_team":{"id":24,"abbreviation":"PHX","city":"Phoenix","conference":"West","division":"Pacific","full_name":"Phoenix Suns","name":"Suns"},"visitor_team_score":112},{"id":474028,"date":"2022-01-12T00:00:00.000Z","home_team":{"id":9,"abbreviation":"DET","city":"Detroit","conference":"East","division":"Central","full_name":"Detroit Pistons","name":"Pistons"},"home_team_score":108,"period":4,"postseason":false,"season":2021,"status":"Final","time":"","visitor_team":{"id":24,"abbreviation":"PHX","city":"Phoenix","conference":"West","division":"Pacific","full_name":"Phoenix Suns","name":"Suns"},"visitor_team_score":135},{"id":473585,"date":"2021-11-12T00:00:00.000Z","home_team":{"id":15,"abbreviation":"MEM","city":"Memphis","conference":"West","division":"Southwest","full_name":"Memphis Grizzlies","name":"Grizzlies"},"home_team_score":94,"period":4,"postseason":false,"season":2021,"status":"Final","time":"","visitor_team":{"id":24,"abbreviation":"PHX","city":"Phoenix","conference":"West","division":"Pacific","full_name":"Phoenix Suns","name":"Suns"},"visitor_team_score":119},{"id":473725,"date":"2021-11-30T00:00:00.000Z","home_team":{"id":24,"abbreviation":"PHX","city":"Phoenix","conference":"West","division":"Pacific","full_name":"Phoenix Suns","name":"Suns"},"home_team_score":104,"period":4,"postseason":false,"season":2021,"status":"Final","time":"","visitor_team":{"id":10,"abbreviation":"GSW","city":"Golden State","conference":"West","division":"Pacific","full_name":"Golden State Warriors","name":"Warriors"},"visitor_team_score":96},{"id":473824,"date":"2021-12-14T00:00:00.000Z","home_team":{"id":25,"abbreviation":"POR","city":"Portland","conference":"West","division":"Northwest","full_name":"Portland Trail Blazers","name":"Trail Blazers"},"home_team_score":107,"period":5,"postseason":false,"season":2021,"status":"Final","time":"","visitor_team":{"id":24,"abbreviation":"PHX","city":"Phoenix","conference":"West","division":"Pacific","full_name":"Phoenix Suns","name":"Suns"},"visitor_team_score":111},{"id":473913,"date":"2021-12-27T00:00:00.000Z","home_team":{"id":24,"abbreviation":"PHX","city":"Phoenix","conference":"West","division":"Pacific","full_name":"Phoenix Suns","name":"Suns"},"home_team_score":113,"period":4,"postseason":false,"season":2021,"status":"Final","time":"","visitor_team":{"id":15,"abbreviation":"MEM","city":"Memphis","conference":"West","division":"Southwest","full_name":"Memphis Grizzlies","name":"Grizzlies"},"visitor_team_score":114},{"id":473972,"date":"2022-01-04T00:00:00.000Z","home_team":{"id":19,"abbreviation":"NOP","city":"New Orleans","conference":"West","division":"Southwest","full_name":"New Orleans Pelicans","name":"Pelicans"},"home_team_score":110,"period":4,"postseason":false,"season":2021,"status":"Final","time":"","visitor_team":{"id":24,"abbreviation":"PHX","city":"Phoenix","conference":"West","division":"Pacific","full_name":"Phoenix Suns","name":"Suns"},"visitor_team_score":123},{"id":474394,"date":"2022-03-09T00:00:00.000Z","home_team":{"id":16,"abbreviation":"MIA","city":"Miami","conference":"East","division":"Southeast","full_name":"Miami Heat","name":"Heat"},"home_team_score":90,"period":4,"postseason":false,"season":2021,"status":"Final","time":"","visitor_team":{"id":24,"abbreviation":"PHX","city":"Phoenix","conference":"West","division":"Pacific","full_name":"Phoenix Suns","name":"Suns"},"visitor_team_score":111},{"id":474507,"date":"2022-03-24T00:00:00.000Z","home_team":{"id":8,"abbreviation":"DEN","city":"Denver","conference":"West","division":"Northwest","full_name":"Denver Nuggets","name":"Nuggets"},"home_team_score":130,"period":4,"postseason":false,"season":2021,"status":"Final","time":"","visitor_team":{"id":24,"abbreviation":"PHX","city":"Phoenix","conference":"West","division":"Pacific","full_name":"Phoenix Suns","name":"Suns"},"visitor_team_score":140},{"id":473469,"date":"2021-10-27T00:00:00.000Z","home_team":{"id":24,"abbreviation":"PHX","city":"Phoenix","conference":"West","division":"Pacific","full_name":"Phoenix Suns","name":"Suns"},"home_team_score":107,"period":4,"postseason":false,"season":2021,"status":"Final","time":"","visitor_team":{"id":26,"abbreviation":"SAC","city":"Sacramento","conference":"West","division":"Pacific","full_name":"Sacramento Kings","name":"Kings"},"visitor_team_score":110},{"id":473668,"date":"2021-11-22T00:00:00.000Z","home_team":{"id":27,"abbreviation":"SAS","city":"San Antonio","conference":"West","division":"Southwest","full_name":"San Antonio Spurs","name":"Spurs"},"home_team_score":111,"period":4,"postseason":false,"season":2021,"status":"Final","time":"","visitor_team":{"id":24,"abbreviation":"PHX","city":"Phoenix","conference":"West","division":"Pacific","full_name":"Phoenix Suns","name":"Suns"},"visitor_team_score":115},{"id":473707,"date":"2021-11-27T00:00:00.000Z","home_team":{"id":3,"abbreviation":"BKN","city":"Brooklyn","conference":"East","division":"Atlantic","full_name":"Brooklyn Nets","name":"Nets"},"home_team_score":107,"period":4,"postseason":false,"season":2021,"status":"Final","time":"","visitor_team":{"id":24,"abbreviation":"PHX","city":"Phoenix","conference":"West","division":"Pacific","full_name":"Phoenix Suns","name":"Suns"},"visitor_team_score":113},{"id":473900,"date":"2021-12-25T00:00:00.000Z","home_team":{"id":24,"abbreviation":"PHX","city":"Phoenix","conference":"West","division":"Pacific","full_name":"Phoenix Suns","name":"Suns"},"home_team_score":107,"period":4,"postseason":false,"season":2021,"status":"Final","time":"","visitor_team":{"id":10,"abbreviation":"GSW","city":"Golden State","conference":"West","division":"Pacific","full_name":"Golden State Warriors","name":"Warriors"},"visitor_team_score":116},{"id":474139,"date":"2022-01-26T00:00:00.000Z","home_team":{"id":29,"abbreviation":"UTA","city":"Utah","conference":"West","division":"Northwest","full_name":"Utah Jazz","name":"Jazz"},"home_team_score":97,"period":4,"postseason":false,"season":2021,"status":"Final","time":"","visitor_team":{"id":24,"abbreviation":"PHX","city":"Phoenix","conference":"West","division":"Pacific","full_name":"Phoenix Suns","name":"Suns"},"visitor_team_score":105},{"id":473531,"date":"2021-11-04T00:00:00.000Z","home_team":{"id":24,"abbreviation":"PHX","city":"Phoenix","conference":"West","division":"Pacific","full_name":"Phoenix Suns","name":"Suns"},"home_team_score":123,"period":4,"postseason":false,"season":2021,"status":"Final","time":"","visitor_team":{"id":11,"abbreviation":"HOU","city":"Houston","conference":"West","division":"Southwest","full_name":"Houston Rockets","name":"Rockets"},"visitor_team_score":111},{"id":473675,"date":"2021-11-24T00:00:00.000Z","home_team":{"id":6,"abbreviation":"CLE","city":"Cleveland","conference":"East","division":"Central","full_name":"Cleveland Cavaliers","name":"Cavaliers"},"home_team_score":115,"period":4,"postseason":false,"season":2021,"status":"Final","time":"","visitor_team":{"id":24,"abbreviation":"PHX","city":"Phoenix","conference":"West","division":"Pacific","full_name":"Phoenix Suns","name":"Suns"},"visitor_team_score":120},{"id":473641,"date":"2021-11-19T00:00:00.000Z","home_team":{"id":24,"abbreviation":"PHX","city":"Phoenix","conference":"West","division":"Pacific","full_name":"Phoenix Suns","name":"Suns"},"home_team_score":112,"period":4,"postseason":false,"season":2021,"status":"Final","time":"","visitor_team":{"id":7,"abbreviation":"DAL","city":"Dallas","conference":"West","division":"Southwest","full_name":"Dallas Mavericks","name":"Mavericks"},"visitor_team_score":104},{"id":473762,"date":"2021-12-06T00:00:00.000Z","home_team":{"id":24,"abbreviation":"PHX","city":"Phoenix","conference":"West","division":"Pacific","full_name":"Phoenix Suns","name":"Suns"},"home_team_score":108,"period":4,"postseason":false,"season":2021,"status":"Final","time":"","visitor_team":{"id":27,"abbreviation":"SAS","city":"San Antonio","conference":"West","division":"Southwest","full_name":"San Antonio Spurs","name":"Spurs"},"visitor_team_score":104},{"id":473742,"date":"2021-12-03T00:00:00.000Z","home_team":{"id":10,"abbreviation":"GSW","city":"Golden State","conference":"West","division":"Pacific","full_name":"Golden State Warriors","name":"Warriors"},"home_team_score":118,"period":4,"postseason":false,"season":2021,"status":"Final","time":"","visitor_team":{"id":24,"abbreviation":"PHX","city":"Phoenix","conference":"West","division":"Pacific","full_name":"Phoenix Suns","name":"Suns"},"visitor_team_score":96},{"id":473739,"date":"2021-12-02T00:00:00.000Z","home_team":{"id":24,"abbreviation":"PHX","city":"Phoenix","conference":"West","division":"Pacific","full_name":"Phoenix Suns","name":"Suns"},"home_team_score":114,"period":4,"postseason":false,"season":2021,"status":"Final","time":"","visitor_team":{"id":9,"abbreviation":"DET","city":"Detroit","conference":"East","division":"Central","full_name":"Detroit Pistons","name":"Pistons"},"visitor_team_score":103},{"id":473659,"date":"2021-11-21T00:00:00.000Z","home_team":{"id":24,"abbreviation":"PHX","city":"Phoenix","conference":"West","division":"Pacific","full_name":"Phoenix Suns","name":"Suns"},"home_team_score":126,"period":4,"postseason":false,"season":2021,"status":"Final","time":"","visitor_team":{"id":8,"abbreviation":"DEN","city":"Denver","conference":"West","division":"Northwest","full_name":"Denver Nuggets","name":"Nuggets"},"visitor_team_score":97},{"id":463449,"date":"2021-08-14T00:00:00.000Z","home_team":{"id":24,"abbreviation":"PHX","city":"Phoenix","conference":"West","division":"Pacific","full_name":"Phoenix Suns","name":"Suns"},"home_team_score":79,"period":4,"postseason":false,"season":2021,"status":"Final","time":"","visitor_team":{"id":25,"abbreviation":"POR","city":"Portland","conference":"West","division":"Northwest","full_name":"Portland Trail Blazers","name":"Trail Blazers"},"visitor_team_score":70},{"id":473840,"date":"2021-12-16T00:00:00.000Z","home_team":{"id":24,"abbreviation":"PHX","city":"Phoenix","conference":"West","division":"Pacific","full_name":"Phoenix Suns","name":"Suns"},"home_team_score":118,"period":4,"postseason":false,"season":2021,"status":"Final","time":"","visitor_team":{"id":30,"abbreviation":"WAS","city":"Washington","conference":"East","division":"Southeast","full_name":"Washington Wizards","name":"Wizards"},"visitor_team_score":98},{"id":473891,"date":"2021-12-23T00:00:00.000Z","home_team":{"id":24,"abbreviation":"PHX","city":"Phoenix","conference":"West","division":"Pacific","full_name":"Phoenix Suns","name":"Suns"},"home_team_score":113,"period":4,"postseason":false,"season":2021,"status":"Final","time":"","visitor_team":{"id":21,"abbreviation":"OKC","city":"Oklahoma City","conference":"West","division":"Northwest","full_name":"Oklahoma City Thunder","name":"Thunder"},"visitor_team_score":101},{"id":474090,"date":"2022-01-20T00:00:00.000Z","home_team":{"id":7,"abbreviation":"DAL","city":"Dallas","conference":"West","division":"Southwest","full_name":"Dallas Mavericks","name":"Mavericks"},"home_team_score":101,"period":4,"postseason":false,"season":2021,"status":"Final","time":"","visitor_team":{"id":24,"abbreviation":"PHX","city":"Phoenix","conference":"West","division":"Pacific","full_name":"Phoenix Suns","name":"Suns"},"visitor_team_score":109},{"id":474281,"date":"2022-02-15T00:00:00.000Z","home_team":{"id":24,"abbreviation":"PHX","city":"Phoenix","conference":"West","division":"Pacific","full_name":"Phoenix Suns","name":"Suns"},"home_team_score":103,"period":4,"postseason":false,"season":2021,"status":"Final","time":"","visitor_team":{"id":13,"abbreviation":"LAC","city":"LA","conference":"West","division":"Pacific","full_name":"LA Clippers","name":"Clippers"},"visitor_team_score":96},{"id":474597,"date":"2022-04-05T00:00:00.000Z","home_team":{"id":24,"abbreviation":"PHX","city":"Phoenix","conference":"West","division":"Pacific","full_name":"Phoenix Suns","name":"Suns"},"home_team_score":121,"period":4,"postseason":false,"season":2021,"status":"Final","time":"","visitor_team":{"id":14,"abbreviation":"LAL","city":"Los Angeles","conference":"West","division":"Pacific","full_name":"Los Angeles Lakers","name":"Lakers"},"visitor_team_score":110},{"id":473796,"date":"2021-12-10T00:00:00.000Z","home_team":{"id":24,"abbreviation":"PHX","city":"Phoenix","conference":"West","division":"Pacific","full_name":"Phoenix Suns","name":"Suns"},"home_team_score":111,"period":4,"postseason":false,"season":2021,"status":"Final","time":"","visitor_team":{"id":2,"abbreviation":"BOS","city":"Boston","conference":"East","division":"Atlantic","full_name":"Boston Celtics","name":"Celtics"},"visitor_team_score":90},{"id":473863,"date":"2021-12-19T00:00:00.000Z","home_team":{"id":24,"abbreviation":"PHX","city":"Phoenix","conference":"West","division":"Pacific","full_name":"Phoenix Suns","name":"Suns"},"home_team_score":137,"period":4,"postseason":false,"season":2021,"status":"Final","time":"","visitor_team":{"id":4,"abbreviation":"CHA","city":"Charlotte","conference":"East","division":"Southeast","full_name":"Charlotte Hornets","name":"Hornets"},"visitor_team_score":106},{"id":473929,"date":"2021-12-29T00:00:00.000Z","home_team":{"id":24,"abbreviation":"PHX","city":"Phoenix","conference":"West","division":"Pacific","full_name":"Phoenix Suns","name":"Suns"},"home_team_score":115,"period":4,"postseason":false,"season":2021,"status":"Final","time":"","visitor_team":{"id":21,"abbreviation":"OKC","city":"Oklahoma City","conference":"West","division":"Northwest","full_name":"Oklahoma City Thunder","name":"Thunder"},"visitor_team_score":97},{"id":474152,"date":"2022-01-28T00:00:00.000Z","home_team":{"id":24,"abbreviation":"PHX","city":"Phoenix","conference":"West","division":"Pacific","full_name":"Phoenix Suns","name":"Suns"},"home_team_score":134,"period":4,"postseason":false,"season":2021,"status":"Final","time":"","visitor_team":{"id":18,"abbreviation":"MIN","city":"Minnesota","conference":"West","division":"Northwest","full_name":"Minnesota Timberwolves","name":"Timberwolves"},"visitor_team_score":124},{"id":474302,"date":"2022-02-24T00:00:00.000Z","home_team":{"id":21,"abbreviation":"OKC","city":"Oklahoma City","conference":"West","division":"Northwest","full_name":"Oklahoma City Thunder","name":"Thunder"},"home_team_score":104,"period":4,"postseason":false,"season":2021,"status":"Final","time":"","visitor_team":{"id":24,"abbreviation":"PHX","city":"Phoenix","conference":"West","division":"Pacific","full_name":"Phoenix Suns","name":"Suns"},"visitor_team_score":124},{"id":474327,"date":"2022-02-27T00:00:00.000Z","home_team":{"id":24,"abbreviation":"PHX","city":"Phoenix","conference":"West","division":"Pacific","full_name":"Phoenix Suns","name":"Suns"},"home_team_score":114,"period":4,"postseason":false,"season":2021,"status":"Final","time":"","visitor_team":{"id":29,"abbreviation":"UTA","city":"Utah","conference":"West","division":"Northwest","full_name":"Utah Jazz","name":"Jazz"},"visitor_team_score":118},{"id":474412,"date":"2022-03-11T00:00:00.000Z","home_team":{"id":24,"abbreviation":"PHX","city":"Phoenix","conference":"West","division":"Pacific","full_name":"Phoenix Suns","name":"Suns"},"home_team_score":112,"period":4,"postseason":false,"season":2021,"status":"Final","time":"","visitor_team":{"id":28,"abbreviation":"TOR","city":"Toronto","conference":"East","division":"Atlantic","full_name":"Toronto Raptors","name":"Raptors"},"visitor_team_score":117},{"id":474565,"date":"2022-04-01T00:00:00.000Z","home_team":{"id":15,"abbreviation":"MEM","city":"Memphis","conference":"West","division":"Southwest","full_name":"Memphis Grizzlies","name":"Grizzlies"},"home_team_score":122,"period":4,"postseason":false,"season":2021,"status":"Final","time":"","visitor_team":{"id":24,"abbreviation":"PHX","city":"Phoenix","conference":"West","division":"Pacific","full_name":"Phoenix Suns","name":"Suns"},"visitor_team_score":114},{"id":473941,"date":"2021-12-31T00:00:00.000Z","home_team":{"id":2,"abbreviation":"BOS","city":"Boston","conference":"East","division":"Atlantic","full_name":"Boston Celtics","name":"Celtics"},"home_team_score":123,"period":4,"postseason":false,"season":2021,"status":"Final","time":"","visitor_team":{"id":24,"abbreviation":"PHX","city":"Phoenix","conference":"West","division":"Pacific","full_name":"Phoenix Suns","name":"Suns"},"visitor_team_score":108},{"id":473877,"date":"2021-12-21T00:00:00.000Z","home_team":{"id":14,"abbreviation":"LAL","city":"Los Angeles","conference":"West","division":"Pacific","full_name":"Los Angeles Lakers","name":"Lakers"},"home_team_score":90,"period":4,"postseason":false,"season":2021,"status":"Final","time":"","visitor_team":{"id":24,"abbreviation":"PHX","city":"Phoenix","conference":"West","division":"Pacific","full_name":"Phoenix Suns","name":"Suns"},"visitor_team_score":108},{"id":474000,"date":"2022-01-08T00:00:00.000Z","home_team":{"id":24,"abbreviation":"PHX","city":"Phoenix","conference":"West","division":"Pacific","full_name":"Phoenix Suns","name":"Suns"},"home_team_score":100,"period":4,"postseason":false,"season":2021,"status":"Final","time":"","visitor_team":{"id":16,"abbreviation":"MIA","city":"Miami","conference":"East","division":"Southeast","full_name":"Miami Heat","name":"Heat"},"visitor_team_score":123},{"id":474176,"date":"2022-02-01T00:00:00.000Z","home_team":{"id":24,"abbreviation":"PHX","city":"Phoenix","conference":"West","division":"Pacific","full_name":"Phoenix Suns","name":"Suns"},"home_team_score":121,"period":4,"postseason":false,"season":2021,"status":"Final","time":"","visitor_team":{"id":3,"abbreviation":"BKN","city":"Brooklyn","conference":"East","division":"Atlantic","full_name":"Brooklyn Nets","name":"Nets"},"visitor_team_score":111},{"id":474496,"date":"2022-03-23T00:00:00.000Z","home_team":{"id":18,"abbreviation":"MIN","city":"Minnesota","conference":"West","division":"Northwest","full_name":"Minnesota Timberwolves","name":"Timberwolves"},"home_team_score":116,"period":4,"postseason":false,"season":2021,"status":"Final","time":"","visitor_team":{"id":24,"abbreviation":"PHX","city":"Phoenix","conference":"West","division":"Pacific","full_name":"Phoenix Suns","name":"Suns"},"visitor_team_score":125},{"id":474525,"date":"2022-03-27T00:00:00.000Z","home_team":{"id":24,"abbreviation":"PHX","city":"Phoenix","conference":"West","division":"Pacific","full_name":"Phoenix Suns","name":"Suns"},"home_team_score":114,"period":4,"postseason":false,"season":2021,"status":"Final","time":"","visitor_team":{"id":23,"abbreviation":"PHI","city":"Philadelphia","conference":"East","division":"Atlantic","full_name":"Philadelphia 76ers","name":"76ers"},"visitor_team_score":104},{"id":474600,"date":"2022-04-06T00:00:00.000Z","home_team":{"id":13,"abbreviation":"LAC","city":"LA","conference":"West","division":"Pacific","full_name":"LA Clippers","name":"Clippers"},"home_team_score":113,"period":4,"postseason":false,"season":2021,"status":"Final","time":"","visitor_team":{"id":24,"abbreviation":"PHX","city":"Phoenix","conference":"West","division":"Pacific","full_name":"Phoenix Suns","name":"Suns"},"visitor_team_score":109},{"id":473956,"date":"2022-01-02T00:00:00.000Z","home_team":{"id":4,"abbreviation":"CHA","city":"Charlotte","conference":"East","division":"Southeast","full_name":"Charlotte Hornets","name":"Hornets"},"home_team_score":99,"period":4,"postseason":false,"season":2021,"status":"Final","time":"","visitor_team":{"id":24,"abbreviation":"PHX","city":"Phoenix","conference":"West","division":"Pacific","full_name":"Phoenix Suns","name":"Suns"},"visitor_team_score":133},{"id":474103,"date":"2022-01-22T00:00:00.000Z","home_team":{"id":24,"abbreviation":"PHX","city":"Phoenix","conference":"West","division":"Pacific","full_name":"Phoenix Suns","name":"Suns"},"home_team_score":113,"period":4,"postseason":false,"season":2021,"status":"Final","time":"","visitor_team":{"id":12,"abbreviation":"IND","city":"Indiana","conference":"East","division":"Central","full_name":"Indiana Pacers","name":"Pacers"},"visitor_team_score":103},{"id":474120,"date":"2022-01-24T00:00:00.000Z","home_team":{"id":24,"abbreviation":"PHX","city":"Phoenix","conference":"West","division":"Pacific","full_name":"Phoenix Suns","name":"Suns"},"home_team_score":115,"period":4,"postseason":false,"season":2021,"status":"Final","time":"","visitor_team":{"id":29,"abbreviation":"UTA","city":"Utah","conference":"West","division":"Northwest","full_name":"Utah Jazz","name":"Jazz"},"visitor_team_score":109},{"id":474166,"date":"2022-01-30T00:00:00.000Z","home_team":{"id":24,"abbreviation":"PHX","city":"Phoenix","conference":"West","division":"Pacific","full_name":"Phoenix Suns","name":"Suns"},"home_team_score":115,"period":4,"postseason":false,"season":2021,"status":"Final","time":"","visitor_team":{"id":27,"abbreviation":"SAS","city":"San Antonio","conference":"West","division":"Southwest","full_name":"San Antonio Spurs","name":"Spurs"},"visitor_team_score":110},{"id":474218,"date":"2022-02-07T00:00:00.000Z","home_team":{"id":5,"abbreviation":"CHI","city":"Chicago","conference":"East","division":"Central","full_name":"Chicago Bulls","name":"Bulls"},"home_team_score":124,"period":4,"postseason":false,"season":2021,"status":"Final","time":"","visitor_team":{"id":24,"abbreviation":"PHX","city":"Phoenix","conference":"West","division":"Pacific","full_name":"Phoenix Suns","name":"Suns"},"visitor_team_score":127},{"id":474204,"date":"2022-02-05T00:00:00.000Z","home_team":{"id":30,"abbreviation":"WAS","city":"Washington","conference":"East","division":"Southeast","full_name":"Washington Wizards","name":"Wizards"},"home_team_score":80,"period":4,"postseason":false,"season":2021,"status":"Final","time":"","visitor_team":{"id":24,"abbreviation":"PHX","city":"Phoenix","conference":"West","division":"Pacific","full_name":"Phoenix Suns","name":"Suns"},"visitor_team_score":95},{"id":474241,"date":"2022-02-10T00:00:00.000Z","home_team":{"id":24,"abbreviation":"PHX","city":"Phoenix","conference":"West","division":"Pacific","full_name":"Phoenix Suns","name":"Suns"},"home_team_score":131,"period":4,"postseason":false,"season":2021,"status":"Final","time":"","visitor_team":{"id":17,"abbreviation":"MIL","city":"Milwaukee","conference":"East","division":"Central","full_name":"Milwaukee Bucks","name":"Bucks"},"visitor_team_score":107},{"id":474223,"date":"2022-02-08T00:00:00.000Z","home_team":{"id":23,"abbreviation":"PHI","city":"Philadelphia","conference":"East","division":"Atlantic","full_name":"Philadelphia 76ers","name":"76ers"},"home_team_score":109,"period":4,"postseason":false,"season":2021,"status":"Final","time":"","visitor_team":{"id":24,"abbreviation":"PHX","city":"Phoenix","conference":"West","division":"Pacific","full_name":"Phoenix Suns","name":"Suns"},"visitor_team_score":114},{"id":474359,"date":"2022-03-04T00:00:00.000Z","home_team":{"id":24,"abbreviation":"PHX","city":"Phoenix","conference":"West","division":"Pacific","full_name":"Phoenix Suns","name":"Suns"},"home_team_score":115,"period":4,"postseason":false,"season":2021,"status":"Final","time":"","visitor_team":{"id":20,"abbreviation":"NYK","city":"New York","conference":"East","division":"Atlantic","full_name":"New York Knicks","name":"Knicks"},"visitor_team_score":114},{"id":474439,"date":"2022-03-15T00:00:00.000Z","home_team":{"id":19,"abbreviation":"NOP","city":"New Orleans","conference":"West","division":"Southwest","full_name":"New Orleans Pelicans","name":"Pelicans"},"home_team_score":115,"period":4,"postseason":false,"season":2021,"status":"Final","time":"","visitor_team":{"id":24,"abbreviation":"PHX","city":"Phoenix","conference":"West","division":"Pacific","full_name":"Phoenix Suns","name":"Suns"},"visitor_team_score":131},{"id":474290,"date":"2022-02-16T00:00:00.000Z","home_team":{"id":24,"abbreviation":"PHX","city":"Phoenix","conference":"West","division":"Pacific","full_name":"Phoenix Suns","name":"Suns"},"home_team_score":124,"period":4,"postseason":false,"season":2021,"status":"Final","time":"","visitor_team":{"id":11,"abbreviation":"HOU","city":"Houston","conference":"West","division":"Southwest","full_name":"Houston Rockets","name":"Rockets"},"visitor_team_score":121},{"id":474263,"date":"2022-02-12T00:00:00.000Z","home_team":{"id":24,"abbreviation":"PHX","city":"Phoenix","conference":"West","division":"Pacific","full_name":"Phoenix Suns","name":"Suns"},"home_team_score":132,"period":4,"postseason":false,"season":2021,"status":"Final","time":"","visitor_team":{"id":22,"abbreviation":"ORL","city":"Orlando","conference":"East","division":"Southeast","full_name":"Orlando Magic","name":"Magic"},"visitor_team_score":105},{"id":474305,"date":"2022-02-25T00:00:00.000Z","home_team":{"id":24,"abbreviation":"PHX","city":"Phoenix","conference":"West","division":"Pacific","full_name":"Phoenix Suns","name":"Suns"},"home_team_score":102,"period":4,"postseason":false,"season":2021,"status":"Final","time":"","visitor_team":{"id":19,"abbreviation":"NOP","city":"New Orleans","conference":"West","division":"Southwest","full_name":"New Orleans Pelicans","name":"Pelicans"},"visitor_team_score":117},{"id":474346,"date":"2022-03-02T00:00:00.000Z","home_team":{"id":24,"abbreviation":"PHX","city":"Phoenix","conference":"West","division":"Pacific","full_name":"Phoenix Suns","name":"Suns"},"home_team_score":120,"period":4,"postseason":false,"season":2021,"status":"Final","time":"","visitor_team":{"id":25,"abbreviation":"POR","city":"Portland","conference":"West","division":"Northwest","full_name":"Portland Trail Blazers","name":"Trail Blazers"},"visitor_team_score":90},{"id":474427,"date":"2022-03-13T00:00:00.000Z","home_team":{"id":24,"abbreviation":"PHX","city":"Phoenix","conference":"West","division":"Pacific","full_name":"Phoenix Suns","name":"Suns"},"home_team_score":140,"period":4,"postseason":false,"season":2021,"status":"Final","time":"","visitor_team":{"id":14,"abbreviation":"LAL","city":"Los Angeles","conference":"West","division":"Pacific","full_name":"Los Angeles Lakers","name":"Lakers"},"visitor_team_score":111},{"id":474464,"date":"2022-03-18T00:00:00.000Z","home_team":{"id":24,"abbreviation":"PHX","city":"Phoenix","conference":"West","division":"Pacific","full_name":"Phoenix Suns","name":"Suns"},"home_team_score":129,"period":4,"postseason":false,"season":2021,"status":"Final","time":"","visitor_team":{"id":5,"abbreviation":"CHI","city":"Chicago","conference":"East","division":"Central","full_name":"Chicago Bulls","name":"Bulls"},"visitor_team_score":102},{"id":474471,"date":"2022-03-20T00:00:00.000Z","home_team":{"id":26,"abbreviation":"SAC","city":"Sacramento","conference":"West","division":"Pacific","full_name":"Sacramento Kings","name":"Kings"},"home_team_score":124,"period":5,"postseason":false,"season":2021,"status":"Final","time":"","visitor_team":{"id":24,"abbreviation":"PHX","city":"Phoenix","conference":"West","division":"Pacific","full_name":"Phoenix Suns","name":"Suns"},"visitor_team_score":127},{"id":474582,"date":"2022-04-03T00:00:00.000Z","home_team":{"id":21,"abbreviation":"OKC","city":"Oklahoma City","conference":"West","division":"Northwest","full_name":"Oklahoma City Thunder","name":"Thunder"},"home_team_score":117,"period":4,"postseason":false,"season":2021,"status":"Final","time":"","visitor_team":{"id":24,"abbreviation":"PHX","city":"Phoenix","conference":"West","division":"Pacific","full_name":"Phoenix Suns","name":"Suns"},"visitor_team_score":96},{"id":474190,"date":"2022-02-03T00:00:00.000Z","home_team":{"id":1,"abbreviation":"ATL","city":"Atlanta","conference":"East","division":"Southeast","full_name":"Atlanta Hawks","name":"Hawks"},"home_team_score":124,"period":4,"postseason":false,"season":2021,"status":"Final","time":"","visitor_team":{"id":24,"abbreviation":"PHX","city":"Phoenix","conference":"West","division":"Pacific","full_name":"Phoenix Suns","name":"Suns"},"visitor_team_score":115},{"id":474372,"date":"2022-03-06T00:00:00.000Z","home_team":{"id":17,"abbreviation":"MIL","city":"Milwaukee","conference":"East","division":"Central","full_name":"Milwaukee Bucks","name":"Bucks"},"home_team_score":132,"period":4,"postseason":false,"season":2021,"status":"Final","time":"","visitor_team":{"id":24,"abbreviation":"PHX","city":"Phoenix","conference":"West","division":"Pacific","full_name":"Phoenix Suns","name":"Suns"},"visitor_team_score":122},{"id":474386,"date":"2022-03-08T00:00:00.000Z","home_team":{"id":22,"abbreviation":"ORL","city":"Orlando","conference":"East","division":"Southeast","full_name":"Orlando Magic","name":"Magic"},"home_team_score":99,"period":4,"postseason":false,"season":2021,"status":"Final","time":"","visitor_team":{"id":24,"abbreviation":"PHX","city":"Phoenix","conference":"West","division":"Pacific","full_name":"Phoenix Suns","name":"Suns"},"visitor_team_score":102},{"id":474445,"date":"2022-03-16T00:00:00.000Z","home_team":{"id":11,"abbreviation":"HOU","city":"Houston","conference":"West","division":"Southwest","full_name":"Houston Rockets","name":"Rockets"},"home_team_score":112,"period":4,"postseason":false,"season":2021,"status":"Final","time":"","visitor_team":{"id":24,"abbreviation":"PHX","city":"Phoenix","conference":"West","division":"Pacific","full_name":"Phoenix Suns","name":"Suns"},"visitor_team_score":129},{"id":474612,"date":"2022-04-08T00:00:00.000Z","home_team":{"id":29,"abbreviation":"UTA","city":"Utah","conference":"West","division":"Northwest","full_name":"Utah Jazz","name":"Jazz"},"home_team_score":105,"period":4,"postseason":false,"season":2021,"status":"Final","time":"","visitor_team":{"id":24,"abbreviation":"PHX","city":"Phoenix","conference":"West","division":"Pacific","full_name":"Phoenix Suns","name":"Suns"},"visitor_team_score":111},{"id":473432,"date":"2021-10-22T00:00:00.000Z","home_team":{"id":14,"abbreviation":"LAL","city":"Los Angeles","conference":"West","division":"Pacific","full_name":"Los Angeles Lakers","name":"Lakers"},"home_team_score":105,"period":4,"postseason":false,"season":2021,"status":"Final","time":"","visitor_team":{"id":24,"abbreviation":"PHX","city":"Phoenix","conference":"West","division":"Pacific","full_name":"Phoenix Suns","name":"Suns"},"visitor_team_score":115},{"id":474553,"date":"2022-03-30T00:00:00.000Z","home_team":{"id":10,"abbreviation":"GSW","city":"Golden State","conference":"West","division":"Pacific","full_name":"Golden State Warriors","name":"Warriors"},"home_team_score":103,"period":4,"postseason":false,"season":2021,"status":"Final","time":"","visitor_team":{"id":24,"abbreviation":"PHX","city":"Phoenix","conference":"West","division":"Pacific","full_name":"Phoenix Suns","name":"Suns"},"visitor_team_score":107},{"id":451511,"date":"2021-08-08T00:00:00.000Z","home_team":{"id":24,"abbreviation":"PHX","city":"Phoenix","conference":"West","division":"Pacific","full_name":"Phoenix Suns","name":"Suns"},"home_team_score":72,"period":4,"postseason":false,"season":2021,"status":"Final","time":"","visitor_team":{"id":14,"abbreviation":"LAL","city":"Los Angeles","conference":"West","division":"Pacific","full_name":"Los Angeles Lakers","name":"Lakers"},"visitor_team_score":73},{"id":452668,"date":"2021-08-09T00:00:00.000Z","home_team":{"id":29,"abbreviation":"UTA","city":"Utah","conference":"West","division":"Northwest","full_name":"Utah Jazz","name":"Jazz"},"home_team_score":63,"period":4,"postseason":false,"season":2021,"status":"Final","time":"","visitor_team":{"id":24,"abbreviation":"PHX","city":"Phoenix","conference":"West","division":"Pacific","full_name":"Phoenix Suns","name":"Suns"},"visitor_team_score":57},{"id":473987,"date":"2022-01-06T00:00:00.000Z","home_team":{"id":24,"abbreviation":"PHX","city":"Phoenix","conference":"West","division":"Pacific","full_name":"Phoenix Suns","name":"Suns"},"home_team_score":106,"period":4,"postseason":false,"season":2021,"status":"Final","time":"","visitor_team":{"id":13,"abbreviation":"LAC","city":"LA","conference":"West","division":"Pacific","full_name":"LA Clippers","name":"Clippers"},"visitor_team_score":89},{"id":474023,"date":"2022-01-11T00:00:00.000Z","home_team":{"id":28,"abbreviation":"TOR","city":"Toronto","conference":"East","division":"Atlantic","full_name":"Toronto Raptors","name":"Raptors"},"home_team_score":95,"period":4,"postseason":false,"season":2021,"status":"Final","time":"","visitor_team":{"id":24,"abbreviation":"PHX","city":"Phoenix","conference":"West","division":"Pacific","full_name":"Phoenix Suns","name":"Suns"},"visitor_team_score":99},{"id":474638,"date":"2022-04-10T00:00:00.000Z","home_team":{"id":24,"abbreviation":"PHX","city":"Phoenix","conference":"West","division":"Pacific","full_name":"Phoenix Suns","name":"Suns"},"home_team_score":109,"period":4,"postseason":false,"season":2021,"status":"Final","time":"","visitor_team":{"id":26,"abbreviation":"SAC","city":"Sacramento","conference":"West","division":"Pacific","full_name":"Sacramento Kings","name":"Kings"},"visitor_team_score":116},{"id":846095,"date":"2022-05-04T00:00:00.000Z","home_team":{"id":24,"abbreviation":"PHX","city":"Phoenix","conference":"West","division":"Pacific","full_name":"Phoenix Suns","name":"Suns"},"home_team_score":129,"period":4,"postseason":true,"season":2021,"status":"Final","time":"","visitor_team":{"id":7,"abbreviation":"DAL","city":"Dallas","conference":"West","division":"Southwest","full_name":"Dallas Mavericks","name":"Mavericks"},"visitor_team_score":109},{"id":834978,"date":"2022-04-19T00:00:00.000Z","home_team":{"id":24,"abbreviation":"PHX","city":"Phoenix","conference":"West","division":"Pacific","full_name":"Phoenix Suns","name":"Suns"},"home_team_score":114,"period":4,"postseason":true,"season":2021,"status":"Final","time":"","visitor_team":{"id":19,"abbreviation":"NOP","city":"New Orleans","conference":"West","division":"Southwest","full_name":"New Orleans Pelicans","name":"Pelicans"},"visitor_team_score":125},{"id":832818,"date":"2022-04-17T00:00:00.000Z","home_team":{"id":24,"abbreviation":"PHX","city":"Phoenix","conference":"West","division":"Pacific","full_name":"Phoenix Suns","name":"Suns"},"home_team_score":110,"period":4,"postseason":true,"season":2021,"status":"Final","time":"","visitor_team":{"id":19,"abbreviation":"NOP","city":"New Orleans","conference":"West","division":"Southwest","full_name":"New Orleans Pelicans","name":"Pelicans"},"visitor_team_score":99},{"id":844943,"date":"2022-05-02T00:00:00.000Z","home_team":{"id":24,"abbreviation":"PHX","city":"Phoenix","conference":"West","division":"Pacific","full_name":"Phoenix Suns","name":"Suns"},"home_team_score":121,"period":4,"postseason":true,"season":2021,"status":"Final","time":"","visitor_team":{"id":7,"abbreviation":"DAL","city":"Dallas","conference":"West","division":"Southwest","full_name":"Dallas Mavericks","name":"Mavericks"},"visitor_team_score":114},{"id":837568,"date":"2022-04-22T00:00:00.000Z","home_team":{"id":19,"abbreviation":"NOP","city":"New Orleans","conference":"West","division":"Southwest","full_name":"New Orleans Pelicans","name":"Pelicans"},"home_team_score":111,"period":4,"postseason":true,"season":2021,"status":"Final","time":"","visitor_team":{"id":24,"abbreviation":"PHX","city":"Phoenix","conference":"West","division":"Pacific","full_name":"Phoenix Suns","name":"Suns"},"visitor_team_score":114},{"id":843183,"date":"2022-04-28T00:00:00.000Z","home_team":{"id":19,"abbreviation":"NOP","city":"New Orleans","conference":"West","division":"Southwest","full_name":"New Orleans Pelicans","name":"Pelicans"},"home_team_score":109,"period":4,"postseason":true,"season":2021,"status":"Final","time":"","visitor_team":{"id":24,"abbreviation":"PHX","city":"Phoenix","conference":"West","division":"Pacific","full_name":"Phoenix Suns","name":"Suns"},"visitor_team_score":115},{"id":839441,"date":"2022-04-24T00:00:00.000Z","home_team":{"id":19,"abbreviation":"NOP","city":"New Orleans","conference":"West","division":"Southwest","full_name":"New Orleans Pelicans","name":"Pelicans"},"home_team_score":118,"period":4,"postseason":true,"season":2021,"status":"Final","time":"","visitor_team":{"id":24,"abbreviation":"PHX","city":"Phoenix","conference":"West","division":"Pacific","full_name":"Phoenix Suns","name":"Suns"},"visitor_team_score":103},{"id":841600,"date":"2022-04-26T00:00:00.000Z","home_team":{"id":24,"abbreviation":"PHX","city":"Phoenix","conference":"West","division":"Pacific","full_name":"Phoenix Suns","name":"Suns"},"home_team_score":112,"period":4,"postseason":true,"season":2021,"status":"Final","time":"","visitor_team":{"id":19,"abbreviation":"NOP","city":"New Orleans","conference":"West","division":"Southwest","full_name":"New Orleans Pelicans","name":"Pelicans"},"visitor_team_score":97},{"id":846955,"date":"2022-05-06T00:00:00.000Z","home_team":{"id":7,"abbreviation":"DAL","city":"Dallas","conference":"West","division":"Southwest","full_name":"Dallas Mavericks","name":"Mavericks"},"home_team_score":103,"period":4,"postseason":true,"season":2021,"status":"Final","time":"","visitor_team":{"id":24,"abbreviation":"PHX","city":"Phoenix","conference":"West","division":"Pacific","full_name":"Phoenix Suns","name":"Suns"},"visitor_team_score":94},{"id":850125,"date":"2022-05-12T00:00:00.000Z","home_team":{"id":7,"abbreviation":"DAL","city":"Dallas","conference":"West","division":"Southwest","full_name":"Dallas Mavericks","name":"Mavericks"},"home_team_score":113,"period":4,"postseason":true,"season":2021,"status":"Final","time":"","visitor_team":{"id":24,"abbreviation":"PHX","city":"Phoenix","conference":"West","division":"Pacific","full_name":"Phoenix Suns","name":"Suns"},"visitor_team_score":86},{"id":848973,"date":"2022-05-10T00:00:00.000Z","home_team":{"id":24,"abbreviation":"PHX","city":"Phoenix","conference":"West","division":"Pacific","full_name":"Phoenix Suns","name":"Suns"},"home_team_score":110,"period":4,"postseason":true,"season":2021,"status":"Final","time":"","visitor_team":{"id":7,"abbreviation":"DAL","city":"Dallas","conference":"West","division":"Southwest","full_name":"Dallas Mavericks","name":"Mavericks"},"visitor_team_score":80},{"id":851564,"date":"2022-05-15T00:00:00.000Z","home_team":{"id":24,"abbreviation":"PHX","city":"Phoenix","conference":"West","division":"Pacific","full_name":"Phoenix Suns","name":"Suns"},"home_team_score":90,"period":4,"postseason":true,"season":2021,"status":"Final","time":"","visitor_team":{"id":7,"abbreviation":"DAL","city":"Dallas","conference":"West","division":"Southwest","full_name":"Dallas Mavericks","name":"Mavericks"},"visitor_team_score":123},{"id":847821,"date":"2022-05-08T00:00:00.000Z","home_team":{"id":7,"abbreviation":"DAL","city":"Dallas","conference":"West","division":"Southwest","full_name":"Dallas Mavericks","name":"Mavericks"},"home_team_score":111,"period":4,"postseason":true,"season":2021,"status":"Final","time":"","visitor_team":{"id":24,"abbreviation":"PHX","city":"Phoenix","conference":"West","division":"Pacific","full_name":"Phoenix Suns","name":"Suns"},"visitor_team_score":101}],"meta":{"total_pages":2,"current_page":1,"next_page":2,"per_page":100,"total_count":101}}